{"type":"Topology","transform":{"scale":[0.000029091800834824222,0.000027602182761551154],"translate":[113.671869,22.237351]},"arcs":[[[6982,22146],[32,37],[26,30],[59,62],[19,20],[99,62],[50,-7],[57,-21],[85,-96],[99,-90],[99,-56],[149,14],[114,-90],[128,-7],[121,-6],[113,7],[107,0],[92,8],[64,5],[13,2],[18,2],[11,1],[8,1],[106,15],[121,-14],[71,-21],[49,-14],[107,-69],[10,-12],[54,-64],[-7,-69],[-57,-55],[-36,-21],[6,-28],[15,-76],[-3,-4],[-20,-33],[-3,-5],[-59,-95],[9,-11],[41,-51],[99,-37],[66,-24],[71,-25],[12,-4],[157,-56],[42,-28],[4,-3],[44,-28],[59,-38],[149,-90],[107,-55],[42,-18],[61,-27],[10,-4],[127,1],[63,-7],[65,-7],[25,-32],[6,-7],[12,-16],[43,-69],[48,-111],[71,-90],[29,-21],[39,0],[75,14],[78,7],[99,-48],[85,-70],[3,-7],[61,-144],[15,-61],[27,-105],[0,-11],[0,-92],[7,-97],[31,-75],[12,-29],[57,-89],[42,-104],[12,-40],[16,-57],[-28,-84],[-3,-29],[-4,-40],[35,-83],[86,-9],[48,-50],[22,-90],[21,-28],[75,-3],[8,-1],[19,-1],[44,-26],[58,-35],[57,-15],[120,-33],[178,-39],[54,-3],[59,-3],[25,1],[95,5],[71,1],[71,28],[21,35],[17,58],[112,20],[57,-4],[5,-1],[67,-6],[5,0],[87,-6],[262,-160],[126,-97],[35,-7],[24,3],[76,11],[56,22],[71,28],[75,11],[32,4],[101,-1],[11,0],[57,-41],[43,-55],[26,-84],[8,-27],[31,-104],[-1,-5],[-19,-76],[0,-70],[28,-28],[50,-20],[4,-10],[18,-52],[28,-34],[42,1],[16,9],[15,7],[26,11],[56,41],[64,63],[5,8],[24,38],[6,9],[17,17],[5,5],[4,4],[23,23],[28,0],[36,-7],[25,-16],[39,-25],[78,-34],[50,-7],[56,0],[64,-34],[57,-41],[22,-41],[21,-42],[4,-41],[1,-37],[1,-15],[-5,-37],[20,-21],[17,-23],[23,-24],[19,-20],[39,-45],[16,-18],[14,-20],[13,-18],[3,-4],[8,-8],[34,-36],[1,-2],[1,-3],[0,-3],[0,-4],[0,-26],[1,-5],[2,-16],[3,-3],[4,-4],[113,-139],[107,-122],[51,-42],[84,-27],[88,40],[47,8],[38,7],[85,-62],[71,-83],[2,-17],[5,-38],[22,-35],[28,1],[44,28],[42,21],[42,14],[43,-34],[18,-16],[3,-2],[29,-24],[28,-34],[10,-8],[25,-20],[43,-34],[42,0],[29,35],[28,39],[7,9],[64,49],[13,3],[15,3],[35,8],[26,-30],[10,-11],[22,-53],[1,-3],[5,-13],[1,-69],[0,-57],[0,-13],[15,-38],[7,-17],[14,-33],[7,-15],[-21,-35],[-14,-27],[-7,-55],[7,-14],[15,-28],[28,-41],[50,-21],[198,-54],[71,-34],[57,-48],[29,-76],[10,-62],[2,-10],[2,-11],[-14,-56],[4,-26],[1,-3],[3,-19],[10,-29],[5,-16],[20,-45],[2,-1],[18,-12],[53,-33],[9,-7],[7,-6],[8,-7],[9,-10],[34,-33],[31,-35],[34,-33],[14,-15],[1,-5],[-1,-2],[2,-25],[-6,-51],[13,-49],[22,-83],[8,-33],[-6,-97],[-14,-31],[-14,-31],[-51,6],[-50,13],[-20,-34],[-15,-42],[-7,-4],[-9,-4],[-40,-20],[-50,-12],[-7,-2],[-28,-14],[-14,-13],[1,-44],[0,-19],[0,-16],[0,-18],[3,-7],[40,-83],[27,-40],[156,-75],[207,-42],[36,-13],[28,-14],[117,-23],[111,-13],[84,10],[18,42],[45,103],[26,49],[51,97],[2,2],[61,53],[32,221],[42,91],[144,174],[35,165],[-15,76],[14,37],[14,39],[14,14],[35,14],[57,14],[49,34],[-5,28],[-2,14],[-8,55],[32,12],[14,5],[11,4],[19,13],[23,15],[-8,10],[-27,38],[-45,55],[-5,7],[2,15],[5,34],[35,55],[14,69],[13,83],[-14,69],[-10,30],[-12,39],[0,124],[41,56],[28,20],[31,23],[63,13],[35,7],[43,9],[63,13],[35,10],[36,11],[42,48],[-22,89],[-14,56],[-13,52],[-4,16],[-1,4],[-4,18],[-21,83],[21,90],[19,34],[4,7],[23,43],[3,6],[35,48],[23,23],[14,13],[12,13],[35,44],[15,18],[35,77],[0,55],[-11,32],[-11,30],[-12,10],[-59,51],[-64,69],[-6,8],[-30,47],[-4,21],[-10,45],[13,59],[7,48],[-71,34],[-71,42],[-71,89],[-42,104],[-22,76],[-2,12],[-12,64],[-9,10],[-28,30],[-43,35],[-93,5],[-13,1],[-18,0],[-128,86],[-67,97],[-101,216],[-29,118],[3,55],[4,62],[10,24],[11,24],[57,36],[85,21],[99,21],[44,18],[197,80],[42,14],[50,14],[8,1],[126,13],[53,18],[53,17],[342,283],[256,276],[31,25],[7,26],[14,51],[14,20],[28,21],[43,-48],[35,-49],[30,-89],[21,-83],[0,-50],[0,-68],[11,-76],[4,-27],[28,-55],[50,-35],[21,-8],[94,-32],[20,-4],[68,-15],[26,-5],[14,-3],[56,-41],[26,-19],[31,-23],[36,-89],[28,-42],[22,-34],[53,-34],[11,-7],[78,-13],[15,7],[21,14],[15,-9],[6,-3],[50,-30],[78,-34],[18,0],[60,1],[10,5],[61,29],[85,98],[35,53],[42,64],[201,168],[37,51],[111,57],[17,8],[278,-32],[50,14],[4,6],[11,19],[6,9],[5,41],[2,15],[-22,62],[5,44],[2,18],[57,56],[92,42],[71,7],[71,-13],[43,-48],[42,-62],[22,-49],[35,-28],[9,0],[27,0],[13,6],[36,15],[78,49],[85,49],[121,44],[14,5],[59,20],[83,29],[73,46],[4,2],[19,11],[66,38],[57,7],[57,-6],[112,-31],[144,-58],[4,-1],[8,-3],[2,-1],[3,0],[186,3],[136,65],[78,49],[56,14],[64,0],[54,-28],[25,-13],[65,-42],[12,-7],[18,-17],[4,-3],[21,-21],[10,-55],[5,-28],[0,-69],[-3,-4],[-47,-45],[-43,-41],[0,-5],[0,-12],[1,-25],[21,-41],[-7,-83],[1,-76],[1,-4],[14,-51],[0,-42],[-78,-61],[-39,-23],[-46,-26],[-49,-42],[-36,-41],[-14,-28],[8,-28],[18,-52],[3,-10],[50,-41],[28,-11],[43,-16],[35,-5],[50,-10],[57,-41],[64,-41],[50,-75],[46,-40],[18,-15],[37,-5],[13,-2],[56,-7],[24,-31],[33,-44],[10,-15],[22,-29],[25,-33],[11,-14],[50,-59],[24,-30],[107,-75],[142,-55],[63,-14],[100,-21],[46,-9],[89,-17],[141,-14],[36,-7],[43,-3],[115,27],[50,16],[1,0],[67,51],[7,48],[-5,112],[-10,318],[13,33],[106,49],[149,62],[42,-20],[50,-14],[64,-27],[63,-28],[36,-41],[36,-41],[64,-42],[64,-34],[9,-12],[2,-3],[38,-47],[36,-63],[1,-96],[0,-25],[0,-72],[-5,-43],[-1,-4],[-1,-8],[7,-42],[64,-62],[71,-55],[29,-69],[14,-69],[-6,-87],[-1,-24],[-16,-114],[-3,-20],[-1,-9],[-27,-114],[-35,-90],[-114,-88],[-8,-5],[-105,-65],[-80,-69],[-55,-48],[-58,-73],[-48,-59],[-30,-56],[-5,-8],[-21,-40],[-2,-24],[-5,-79],[17,-88],[12,-64],[86,-124],[128,-117],[177,-83],[15,-16],[200,-205],[12,-13],[68,-59],[4,-3],[92,-41],[79,-25],[76,-23],[10,-1],[4,-1],[43,-5],[17,-2],[40,-5],[36,-3],[21,-3],[28,0],[36,0],[49,-34],[21,-24],[22,-25],[64,-152],[11,-58],[5,-26],[1,-4],[7,-34],[5,-23],[-14,-37],[-35,-101],[-85,-110],[-149,-119],[-117,-35],[-10,-3],[-85,-29],[-17,-6],[-68,-17],[-13,-37],[-8,-21],[36,-135],[9,-16],[27,-46],[28,-49],[8,-12],[21,-36],[7,-48],[0,-49],[-2,-5],[-12,-36],[0,-10],[1,-18],[15,-24],[6,-10],[35,-14],[99,26],[107,23],[70,28],[88,35],[96,13],[106,28],[22,21],[28,35],[28,41],[42,35],[85,0],[92,-14],[55,-6],[7,0],[33,-4],[32,-4],[95,-8],[41,-4],[10,-2],[82,-19],[92,-20],[32,-26],[38,-30],[47,-37],[32,-23],[6,-11],[9,-17],[28,-14],[26,6],[37,8],[34,20],[37,21],[6,10],[15,25],[21,55],[0,35],[14,27],[42,14],[41,10],[16,4],[21,2],[35,5],[179,24],[75,-2],[172,-21],[128,8],[16,-1],[50,-2],[61,-4],[21,-17],[31,-26],[17,-14],[23,-19],[85,-97],[4,-6],[15,-25],[25,-36],[57,-56],[85,-62],[98,-27],[121,-7],[136,15],[105,-14],[107,-7],[105,14],[114,29],[85,-7],[27,-2],[176,73],[121,91],[75,22],[108,32],[199,65],[185,35],[187,10],[169,-1],[121,-12],[104,-7],[105,-82],[47,-40],[90,-77],[147,-164],[108,-102],[57,-109],[102,-334],[58,-169],[49,-223],[49,-198],[53,-235],[-7,-247],[0,-200],[-3,-274],[-2,-164],[-2,-187],[-10,-189],[-2,-147],[0,-15],[15,-165],[35,-164],[83,-165],[115,-201],[117,-190],[100,-141],[115,-146],[111,-124],[33,-36],[202,-143],[145,-137],[129,-105],[141,-120],[96,-88],[32,-65],[-1,-131],[-16,-129],[-28,-110],[-40,-125],[-20,-105],[-3,-16],[-11,-60],[-21,-69],[-57,-118],[-63,-104],[-27,-46],[-9,-16],[-42,-48],[-57,-28],[-49,-21],[-71,-41],[-71,-28],[-63,-14],[-57,0],[-57,-8],[-14,-2],[-35,-5],[-64,-21],[-50,-20],[-106,-42],[-92,-42],[-127,-76],[-120,-83],[-142,-118],[-127,-125],[-77,-76],[-71,-76],[-106,-104],[-106,-90],[-85,-69],[-77,-63],[-107,-83],[-99,-76],[-92,-83],[-70,-83],[-84,-132],[-78,-131],[-57,-83],[-33,-66],[-11,-16],[-50,-70],[-87,-114],[-76,-112],[-67,-111],[-14,-37],[-755,-311],[-152,-53],[-583,-179],[-425,2],[-73,18],[-212,52],[-234,160],[-597,418],[-509,1171],[3,1133],[5,1630],[-727,618],[-2024,134],[-521,35],[-925,61],[-821,-60],[-1137,-42],[-893,-337],[-47,-18],[-400,-181],[-117,-256],[-252,0],[-24,9],[-18,28],[-2,18],[-2,15],[38,73],[-4,35],[-8,13],[-12,17],[-15,15],[-15,16],[-7,18],[-6,5],[-6,1],[-27,1],[-10,8],[-16,9],[-36,10],[-8,7],[-11,24],[-1,18],[-5,9],[-7,10],[-5,1],[-15,1],[-7,6],[-16,31],[-6,11],[-14,12],[-20,18],[-4,2],[-85,-41],[-42,2],[-58,16],[-83,12],[-107,-2],[-125,-1],[-73,-2],[-93,2],[-103,1],[-30,-5],[-24,-1],[-24,3],[-19,8],[-9,6],[-11,4],[-5,-1],[-10,-8],[-28,-26],[-4,-9],[-4,-10],[-6,-3],[-18,