{"type":"Topology","transform":{"scale":[0.00007458722629750127,0.00006191499127880296],"translate":[113.05398900000002,21.782967]},"arcs":[[[7656,10748],[26,18],[58,43],[58,25],[64,22],[74,18],[77,13],[113,6],[114,-6],[47,-15],[44,-22],[50,-40],[46,-43],[75,-80],[11,-13],[64,-73],[69,-104],[66,-108],[25,-49],[25,-50],[18,-55],[1,-3],[28,-52],[52,-52],[64,-37],[146,-62],[149,-55],[77,-40],[34,-23],[38,-26],[55,-52],[47,-77],[47,-74],[55,-62],[56,-64],[44,-56],[44,-55],[50,-101],[47,-105],[63,-166],[31,-184],[124,-746],[2,-4],[62,-181],[69,-178],[47,-117],[27,-57],[25,-54],[4,-9],[57,-153],[19,-51],[-114,-328],[205,-536],[358,-278],[214,-166],[288,-224],[347,-93],[230,190],[812,1],[7,0],[1668,-1],[1488,-1],[188,-119],[60,-38],[395,158],[696,0],[525,-610],[152,-177],[136,-266],[29,-57],[103,-472],[-83,-348],[-164,-323],[-173,-85],[-124,-60],[-260,-128],[-1010,-149],[-282,-55],[-1492,-293],[-184,-94],[-743,-377],[-281,-250],[-389,-346],[-165,-273],[-97,-298],[-37,-113],[-16,-316],[-5,-93],[-41,-286],[-186,-286],[-164,-124],[-248,-25],[-237,62],[-238,199],[-257,459],[-36,93],[-212,548],[-31,80],[-371,483],[-330,150],[-319,0],[-382,-62],[-243,-13],[-210,-12],[-557,93],[-166,80],[-328,157],[-238,260],[-144,373],[-32,119],[-118,437],[-5,15],[-196,348],[-154,149],[-227,37],[-228,-38],[-432,-136],[-317,-141],[-34,-15],[-328,-220],[-115,-78],[-484,-397],[-464,-446],[-247,-336],[-3,-5],[-45,-83],[-138,-260],[-289,-347],[-185,-149],[-877,-324],[-142,-46],[-69,-22],[-506,-87],[-376,-62],[-551,-25],[-174,0],[-695,2],[-66,16],[-47,43],[-98,83],[3,63],[3,98],[-4,75],[-1,75],[-2,89],[2,77],[-2,82],[5,103],[5,87],[-1,115],[0,112],[-3,107],[-5,94],[-1,27],[0,86],[-1,158],[1,142],[4,144],[-4,130],[0,132],[1,25],[-8,225],[-13,167],[-7,108],[0,3],[-4,64],[1,106],[-3,105],[-4,102],[-1,118],[-4,123],[6,120],[-4,112],[-3,107],[-2,111],[10,85],[-2,48],[-2,48],[-2,86],[0,11],[-2,65],[5,26],[2,12],[9,49],[7,33],[18,54],[31,94],[52,96],[37,92],[29,68],[48,87],[48,92],[47,81],[39,76],[18,40],[21,49],[32,74],[7,59],[2,63],[3,57],[-13,54],[-4,24],[-9,54],[-2,78],[-2,96],[2,69],[-2,68],[4,46],[26,39],[55,55],[69,71],[69,68],[69,38],[67,51],[27,24],[88,75],[46,44],[1,1],[1,0],[1,1],[2,2],[53,42],[47,22],[49,21],[61,23],[66,25],[44,12],[41,25],[80,60],[74,111],[7,25],[14,46],[8,54],[3,26],[11,92],[13,93],[24,80],[22,87],[-5,59],[-4,61],[16,65],[31,62],[35,43],[36,50],[0,3],[5,43],[0,52],[2,31],[9,34],[16,77],[16,84],[5,108],[5,111],[0,55],[1,30],[1,29],[11,68],[13,83],[-11,31],[-17,36],[-2,50],[-10,52],[4,28],[-2,70],[-3,44],[-27,103],[-32,58],[-29,33],[-33,23],[-27,7],[-20,12],[-21,13],[-23,20],[-44,38],[-58,65],[-21,35],[-2,23],[17,74],[3,37],[-1,5],[-20,100],[-25,57],[-44,116],[18,-10],[104,-11],[20,-3],[11,-2],[84,-73],[10,-10],[19,-3],[12,-33],[47,-58],[42,-40],[43,-39],[20,-104],[27,-84],[17,1],[9,1],[40,19],[40,21],[31,-5],[31,10],[21,4],[12,13],[8,8],[21,46],[10,35],[1,2],[9,10],[22,1],[10,8],[6,6],[9,25],[-12,77],[0,13],[11,21],[1,2],[79,7],[10,-12],[6,-35],[7,-11],[10,-5],[52,7],[6,-1],[4,-1],[31,-16],[104,-30],[21,-7],[21,-3],[24,15],[7,2],[43,44],[24,0],[45,-31],[45,-30],[4,-3],[17,-3],[5,0],[25,0],[29,-21],[10,-7],[39,-30],[72,-55],[69,-56],[17,-21],[1,-2],[3,-3],[43,-53],[28,-36],[21,-26],[15,-18],[160,-237],[37,-58],[108,-126],[100,-132],[50,-74],[36,-79],[1,-11],[0,-6],[2,-14],[8,-86],[6,-121],[14,-83],[23,-80],[67,-203],[25,-69],[3,-9],[44,-122],[28,-110],[11,-32],[25,-73],[26,-59],[41,-95],[3,-4],[83,-137],[6,-7],[8,-9],[2,-1],[20,-22],[4,-4],[26,-28],[78,-58],[52,-46],[17,-8],[41,-19],[5,0],[42,6],[53,16],[41,-3],[3,-1],[6,-1],[32,-7],[31,-25],[27,-30],[4,-7],[71,-122],[14,-25],[89,-151],[47,-67],[58,-59],[39,-61],[22,-55],[16,-53],[9,-77],[6,-74],[5,-61],[0,-1],[0,-9],[9,-67],[-3,-46],[9,-19],[27,25],[38,58],[32,65],[7,13],[26,63],[0,1],[2,3],[3,9],[7,15],[19,72],[-6,105],[18,35],[20,8],[2,1],[2,0],[3,1],[5,2],[12,4],[1,0],[4,1],[2,0],[3,0],[4,3],[1,0],[1,0],[1,1],[0,-1],[2,0],[1,0],[1,1],[1,0],[2,2],[2,1],[4,1],[2,1],[1,1],[1,1],[1,0],[2,1],[1,-1],[3,0],[2,0],[0,0],[1,1],[3,0],[2,0],[3,-1],[1,0],[1,1],[1,0],[0,0],[3,1],[1,1],[1,0],[2,0],[1,1],[1,1],[1,0],[0,0],[3,-1],[0,0],[2,0],[1,0],[1,1],[2,0],[2,0],[1,0],[2,0],[3,1],[0,0],[1,1],[0,1],[1,3],[1,1],[1,1],[2,0],[0,1],[1,0],[3,1],[2,1],[2,0],[2,1],[1,0],[2,1],[2,0],[1,1],[2,1],[3,2],[1,2],[2,1],[2,0],[1,1],[2,0],[0,0],[0,0],[2,0],[2,1],[1,1],[1,0],[5,1],[0,0],[1,1],[1,0],[1,1],[1,1],[3,2],[2,1],[1,1],[1,0],[1,0],[1,1],[1,0],[1,0],[1,1],[2,1],[1,0],[1,1],[1,1],[3,1],[1,0],[1,1],[1,0],[2,1],[1,1],[2,2],[0,0],[1,1],[1,0],[5,1],[1,1],[1,1],[0,0],[3,2],[1,1],[1,0],[1,1],[1,0],[0,0],[1,1],[2,0],[4,2],[1,0],[2,1],[1,1],[1,0],[1,1],[2,1],[1,0],[1,0],[2,1],[1,1],[0,0],[1,0],[1,0],[1,0],[1,1],[2,0],[1,1],[1,0],[1,1],[2,0],[0,0],[1,0],[1,0],[0,1],[1,0],[1,1],[1,0],[1,0],[1,0],[1,1],[0,0],[1,0],[1,1],[4,5],[2,2],[0,-2],[17,7],[23,8],[55,33],[45,51],[-1,13],[-2,30],[1,4],[12,32],[106,56],[29,14],[125,4],[25,13],[12,17],[-1,42],[-58,48],[-5,21],[7,25],[1,3],[18,32],[15,26],[40,38],[6,5],[31,-6],[7,-1],[29,-7],[71,6],[62,19],[2,0],[2,2],[35,14],[35,14],[8,4],[34,22],[37,24],[42,33],[2,1],[20,51],[0,6],[0,2],[4,54],[0,0],[4,54],[-3,6],[-8,12],[-22,35],[-46,50],[-18,11],[-20,8],[-33,10],[-1,1],[-32,36],[-32,55],[-11,12],[-1,1],[-31,39],[-8,34],[-43,69],[-36,85],[-2,4],[-13,33],[-67,79],[-38,53],[-23,31],[-48,68],[-5,8],[-30,52],[0,8],[0,5],[-1,25],[0,2],[-1,15],[14,23],[1,2],[2,3],[65,44],[6,1],[6,1],[32,4],[4,-1],[45,-14],[50,-9],[47,13],[49,30],[45,29],[15,18],[21,25],[5,40],[-9,49],[-5,16],[-8,24],[-10,20],[-10,17],[-19,6],[-17,9],[-1,6],[-5,25],[-2,40],[-5,7],[-17,24],[-7,15],[-9,18],[-1,4],[0,9],[3,46],[18,72],[22,136],[-2,8],[-9,38],[-17,68],[-14,9],[-1,1],[-4,2],[-24,15],[-12,8],[-30,18],[-36,103],[-12,67],[-2,27],[-1,72],[0,36],[0,53],[4,8],[15,32],[42,6],[50,0],[16,16],[11,28],[-6,64],[0,68],[25,46],[44,38],[30,9],[5,1],[25,4],[3,1],[19,19],[6,3],[14,9],[11,-9],[13,-10],[3,-3],[28,-49],[31,-24],[15,-4],[21,-5],[22,0],[16,15],[-3,28],[-3,37],[7,15],[4,10],[22,18],[28,-9],[36,-9],[39,3],[23,9],[4,2],[1,1],[10,3],[13,14],[2,1],[3,3],[2,2],[2,2],[8,6],[8,4],[11,6],[12,6],[14,-24],[16,-23],[3,-5],[55,-20],[50,-17],[116,-6],[35,8],[27,5],[47,11],[24,4],[132,53],[86,38],[85,52],[556,366]],[[7239,6197],[-17,53],[-62,189],[-37,65],[-71,109],[-69,115],[-38,57],[-29,45],[-23,28],[-38,44],[-36,34],[-33,23],[-32,18],[-30,5],[-34,5],[-36,3],[-27,-6],[-77,-61],[-59,-4],[-41,-26],[8,-65],[-2,-40],[-19,-64],[-18,-50],[-29,-61],[-26,-68],[-11,-58],[-3,-55],[10,-24],[20,-26],[26,-44],[28,-90],[23,-51],[9,-23],[59,-153],[52,-71],[37,-48],[22,-66],[-1,-58],[-11,-185],[-5,-99],[1,-39],[12,-128],[20,-75],[34,-28],[28,-20],[38,1],[110,2],[123,38],[7,4],[95,55],[69,53],[66,56],[51,52],[38,50],[33,61],[42,92],[6,47],[-4,55],[-9,47],[-9,37],[-18,62],[-29,71],[-50,108],[-34,102]]],"objects":{"440400":{"type":"GeometryCollection","geometries":[{"arcs":[[0],[1]],"type":"Polygon","properties":{"name":"珠海市"},"id":"440400"}]}}}