{"type":"Topology","transform":{"scale":[0.000051821156453045334,0.000043623810896511924],"translate":[116.245748,23.043348999999996]},"arcs":[[[18219,11651],[49,-1184],[33,-765],[349,-1145],[47,-153],[396,-716],[286,-236],[978,-804],[735,-605],[263,-582],[35,-723],[3,-60],[-151,-560],[-339,-336],[-471,-269],[-642,-68],[-411,19],[-79,4],[-226,212],[-208,425],[-516,632],[-143,174],[-622,470],[-618,303],[-22,11],[-490,157],[-735,695],[-89,101],[-665,749],[-411,-27],[-249,-17],[-1677,-68],[-76,-41],[-410,-221],[-344,-186],[-381,-190],[-429,-213],[-227,-291],[-17,-309],[-2,-27],[170,-627],[280,-443],[3,-5],[301,-268],[114,-403],[-57,-359],[-132,-268],[-282,-201],[-453,-45],[-603,-23],[-354,-78],[-98,-22],[-391,-148],[-23,-9],[-100,-81],[-202,-165],[-358,-335],[-188,-67],[-264,0],[-339,44],[-320,-44],[-128,-87],[-137,-93],[-264,-224],[-113,-201],[0,-86],[-650,-18],[-398,-86],[-123,-52],[-16,-5],[-135,-47],[-15,-2],[-2,-1],[-81,-15],[-2,0],[-116,-22],[-251,-2],[-111,18],[-46,7],[-6,1],[-10,-4],[-37,9],[-28,13],[-23,26],[-32,22],[-28,18],[-28,-4],[-28,-4],[-88,-27],[-80,-8],[-28,9],[-20,18],[-43,18],[-40,13],[-21,-13],[-12,-14],[-36,-43],[-28,-39],[-44,-48],[-40,-39],[-60,-43],[-60,-31],[-24,-13],[-20,-4],[-48,-4],[-44,0],[-32,0],[-24,-4],[-16,-35],[-12,-35],[-20,-26],[-16,-22],[-68,-43],[-52,-44],[-5,-28],[-7,-41],[-1,-75],[-12,-39],[-12,-35],[-16,-101],[-21,-87],[-28,-44],[-36,-21],[-72,-22],[-76,0],[-56,1],[-55,9],[-36,0],[-28,-5],[-16,-39],[-17,-30],[-39,-5],[-44,10],[-36,-5],[-28,-8],[-24,-57],[-20,-57],[-41,-44],[-40,-30],[-92,-78],[-92,-66],[-80,-34],[-80,-13],[-40,4],[-18,16],[-13,11],[-32,48],[-24,57],[-23,40],[-16,43],[-2,7],[-14,42],[-12,48],[-24,35],[-28,26],[-48,9],[-48,9],[-43,4],[-44,9],[-55,3],[-33,2],[-80,22],[-28,31],[-15,44],[-36,39],[-28,44],[-8,39],[-4,40],[-20,13],[-16,17],[-16,35],[1,44],[8,44],[8,44],[-22,48],[-2,4],[-20,61],[0,40],[1,43],[-24,44],[-28,35],[-44,10],[-40,13],[-28,30],[-11,49],[4,35],[16,39],[20,31],[16,35],[0,35],[-12,30],[-68,40],[-75,26],[-32,4],[-28,-4],[-40,-39],[-41,-35],[-40,-9],[-36,0],[-68,-8],[-64,-17],[-52,-44],[-44,-44],[-52,-22],[-52,-4],[-40,18],[-36,26],[-24,-13],[-20,-9],[-60,0],[-36,27],[-3,52],[32,66],[28,22],[32,26],[4,22],[-4,22],[-44,35],[-52,31],[-7,1],[-41,8],[-44,13],[-39,43],[-40,49],[-56,22],[-60,17],[-68,14],[-56,26],[-27,35],[-12,52],[0,84],[-4,87],[-32,53],[-40,44],[-59,26],[-46,16],[-18,6],[-36,13],[-28,26],[8,18],[16,30],[16,36],[28,30],[14,0],[6,0],[28,-4],[48,-1],[44,18],[28,30],[16,44],[-3,40],[-8,48],[-16,22],[-12,30],[-4,35],[4,39],[-4,22],[-4,27],[-40,22],[-32,30],[-23,55],[0,2],[-4,66],[8,53],[12,56],[4,101],[-5,60],[-15,97],[-12,88],[3,57],[14,89],[24,51],[25,13],[68,30],[28,31],[32,39],[33,66],[24,48],[12,61],[-68,9],[-16,48],[-12,35],[-16,40],[8,52],[36,65],[45,49],[60,43],[60,26],[64,35],[80,79],[73,92],[80,100],[52,118],[3,10],[17,73],[7,29],[10,50],[10,39],[6,22],[28,61],[28,44],[29,48],[-8,48],[-4,57],[24,52],[36,53],[36,47],[38,38],[11,11],[32,74],[32,83],[5,18],[16,61],[20,74],[24,109],[17,74],[-4,44],[-4,53],[0,22],[8,26],[20,13],[28,13],[52,39],[53,49],[106,20],[9,80],[11,63],[22,80],[4,27],[5,38],[-29,56],[-26,72],[-21,63],[-84,6],[-12,65],[0,19],[0,38],[17,7],[28,30],[3,4],[29,31],[32,39],[40,35],[36,0],[40,-13],[65,-26],[67,-19],[44,-4],[48,4],[44,-13],[16,0],[28,0],[12,9],[9,22],[0,44],[4,47],[8,35],[16,35],[40,44],[44,44],[17,34],[12,40],[-12,48],[-7,21],[-9,27],[-24,26],[-20,27],[-4,13],[4,22],[4,22],[12,26],[5,26],[0,26],[-20,18],[-20,22],[-12,21],[0,31],[-4,18],[4,22],[8,52],[8,53],[-15,61],[-20,65],[-12,40],[-4,39],[4,13],[8,22],[4,40],[0,43],[-16,27],[-11,26],[-16,53],[-8,56],[-16,22],[-8,31],[-12,44],[1,52],[12,44],[16,48],[-4,44],[-16,44],[-36,26],[-44,26],[-56,22],[-51,27],[-18,7],[-106,41],[-109,66],[-39,58],[-28,74],[-32,61],[-32,62],[-28,21],[-24,22],[-48,57],[-27,62],[4,22],[20,26],[40,74],[44,74],[17,44],[28,40],[20,-5],[24,-9],[48,-26],[56,-14],[60,13],[64,22],[72,4],[72,13],[20,22],[21,30],[16,18],[24,17],[20,5],[28,4],[36,0],[28,17],[8,35],[1,52],[-4,48],[4,53],[8,13],[20,13],[28,13],[36,9],[4,4],[8,9],[16,26],[5,11],[8,16],[-16,8],[-16,18],[-28,57],[-4,61],[8,13],[24,9],[44,-5],[44,5],[24,12],[20,27],[21,83],[24,87],[33,61],[40,61],[24,48],[20,53],[-8,26],[0,26],[8,9],[17,5],[24,-5],[27,-1],[20,-4],[20,9],[0,13],[-3,17],[-1,5],[-12,17],[0,22],[5,22],[8,6],[40,4],[24,2],[172,0],[112,-22],[104,8],[33,44],[28,70],[36,87],[53,78],[36,13],[44,-4],[20,-27],[16,-35],[-1,-61],[0,-61],[-13,-132],[0,-36],[0,-90],[11,-230],[55,-198],[69,-102],[103,-44],[105,27],[58,62],[17,19],[53,70],[48,91],[69,88],[80,82],[157,117],[14,9],[155,98],[3,2],[64,25],[68,22],[97,17],[96,4],[52,-18],[52,-30],[17,-22],[31,-40],[35,-66],[8,-52],[4,-53],[-9,-113],[-24,-105],[-77,-162],[-89,-144],[-68,-73],[-68,-70],[-69,-79],[-48,-78],[-45,-122],[-4,-119],[23,-52],[14,-9],[34,-22],[76,-23],[84,0],[132,4],[141,13],[148,8],[75,8],[73,8],[36,4],[40,8],[108,-17],[108,-27],[104,-57],[100,-66],[112,-84],[99,-93],[88,-131],[53,-106],[18,-38],[28,-141],[31,-254],[87,-145],[203,-206],[21,166],[49,193],[69,166],[-24,43],[-11,53],[-4,44],[8,48],[14,71],[11,55],[48,123],[18,46],[15,41],[2,0],[9,-2],[23,-5],[11,-3],[11,-3],[9,-2],[8,-3],[23,-6],[11,-1],[7,-1],[9,-1],[11,-2],[11,-1],[12,-2],[11,-1],[23,-3],[10,-2],[12,-1],[11,-2],[11,-1],[6,-1],[0,1],[0,1],[0,7],[1,4],[3,6],[1,5],[2,63],[-1,10],[2,71],[1,47],[0,21],[1,24],[-1,8],[-1,9],[0,4],[1,3],[4,13],[0,12],[0,2],[0,7],[1,2],[-57,90],[-64,39],[-56,22],[-60,18],[-80,88],[-27,140],[49,140],[81,161],[71,-136],[96,-110],[112,-83],[112,-75],[21,-33],[30,-46],[40,-83],[-4,-79],[3,-70],[52,-62],[76,-35],[52,-4],[56,-1],[28,-31],[32,-35],[32,-26],[36,-18],[26,-23],[14,-12],[43,-22],[24,4],[29,22],[8,9],[12,21],[64,-13],[72,-5],[48,-13],[48,4],[44,26],[49,39],[24,17],[32,13],[48,-17],[52,-31],[37,-8],[22,2],[16,3],[20,6],[14,13],[4,1],[5,-3],[8,-2],[39,-14],[3,0],[2,1],[3,4],[17,29],[21,32],[6,9],[39,44],[1,1],[4,4],[7,6],[7,4],[18,12],[16,14],[10,10],[4,5],[4,4],[6,9],[15,22],[5,6],[4,4],[3,3],[4,2],[3,2],[6,2],[12,3],[8,2],[4,2],[2,1],[2,1],[2,1],[2,1],[9,5],[2,1],[1,0],[2,1],[3,0],[5,2],[9,2],[2,0],[2,1],[9,0],[3,1],[9,0],[5,0],[4,1],[2,0],[1,0],[2,1],[1,1],[2,1],[3,2],[4,4],[6,8],[5,6],[12,15],[3,4],[4,5],[8,11],[4,5],[0,0],[6,8],[1,1],[4,5],[3,4],[8,7],[9,8],[4,4],[17,16],[3,3],[10,10],[7,7],[5,5],[12,12],[1,1],[5,5],[9,8],[5,5],[7,5],[2,3],[5,4],[5,3],[10,7],[9,8],[3,3],[2,1],[2,2],[2,1],[3,1],[2,1],[1,0],[78,17],[53,134],[32,36],[50,24],[49,13],[50,16],[15,15],[16,20],[49,77],[-4,35],[-8,43],[-39,97],[-27,100],[-19,154],[-7,157],[-31,158],[-9,20],[-5,14],[-48,116],[-28,164],[-15,168],[2,190],[10,200],[-2,117],[-28,100],[-3,44],[12,35],[20,4],[32,5],[16,26],[16,17],[9,9],[36,4],[39,-5],[8,-9],[12,0],[33,9],[28,26],[12,66],[5,74],[-4,87],[-7,92],[-140,84],[-52,27],[-36,39],[-52,58],[-24,65],[9,61],[16,23],[20,30],[53,13],[68,8],[56,17],[44,35],[4,61],[0,6],[-7,68],[-12,48],[4,48],[33,53],[56,34],[77,4],[83,-5],[47,4],[2,0],[56,4],[53,2],[4,0],[47,1],[56,-17],[52,-27],[84,-84],[79,-92],[16,-18],[1,-4],[2,-3],[9,-10],[4,-27],[1,-10],[7,-42],[11,-74],[4,-23],[7,-39],[32,-39],[17,-8],[47,-19],[73,13],[28,34],[28,57],[1,1],[32,38],[40,35],[32,8],[40,-4],[40,-23],[44,-26],[18,-28],[2,-3],[24,-18],[16,0],[16,13],[3,8],[29,57],[14,46],[11,33],[16,83],[25,83],[28,52],[37,57],[24,39],[9,20],[11,24],[5,57],[12,56],[12,26],[21,22],[40,0],[44,-14],[39,-31],[40,-13],[65,21],[68,43],[16,14],[20,17],[56,-5],[57,-1],[24,26],[28,18],[32,-5],[45,-17],[28,-1],[24,18],[2,16],[14,97],[25,119],[-8,2],[-13,7],[-39,17],[-36,35],[-52,22],[-40,35],[-8,35],[-3,48],[-28,40],[-28,40],[15,1],[17,25],[12,6],[28,20],[46,24],[15,3],[11,-1],[14,1],[14,15],[5,27],[-2,22],[-5,19],[1,4],[20,8],[11,19],[9,59],[8,6],[7,2],[44,-13],[26,-5],[23,3],[20,-1],[15,-7],[15,-11],[7,-21],[12,-30],[9,-12],[8,-8],[29,-38],[37,-43],[12,-13],[108,-39],[43,-11],[55,-15],[91,-6],[35,-15],[28,-28],[39,-45],[-12,-40],[-8,-39],[-1,-79],[24,-65],[71,-71],[94,-39],[2,-1],[117,-14],[16,3],[100,18],[92,47],