{"type":"Topology","transform":{"scale":[0.00003736694254101025,0.00004266908760780754],"translate":[111.998357,21.445781]},"arcs":[[[28267,14732],[4,-69],[-21,-123],[4,-162],[7,-154],[7,-163],[-12,-175],[8,-178],[3,-171],[7,-148],[6,-153],[-1,-153],[7,-94],[0,-3],[15,-157],[26,-242],[14,-327],[0,-37],[-1,-191],[9,-188],[-9,-209],[-1,-206],[0,-230],[1,-124],[3,-39],[9,-138],[6,-154],[1,-164],[1,-165],[-9,-127],[-10,-149],[4,-120],[-4,-112],[4,-129],[2,-108],[7,-109],[-6,-143],[-7,-91],[-1,-23],[10,-154],[1,-68],[1,-69],[7,-158],[4,-141],[0,-1],[-4,-248],[-22,-770],[-185,-342],[-254,-223],[-342,-299],[-749,-334],[-466,-207],[-781,-432],[-350,-487],[-15,-194],[-6,-86],[124,-558],[41,-397],[-41,-342],[-207,-361],[-336,-209],[-590,-368],[-720,-272],[-186,-71],[-1379,-90],[-987,64],[-617,180],[-176,76],[-914,393],[-370,36],[-350,-54],[-1091,-307],[-620,-90],[-121,-18],[-947,0],[-679,123],[-876,-423],[-723,-691],[-92,-88],[-316,-354],[-345,-386],[-1323,-644],[-1015,-240],[-253,36],[-704,99],[-548,418],[-78,390],[-123,328],[-172,460],[-74,721],[-80,772],[-94,920],[-26,1033],[-10,383],[0,173],[-2,154],[-8,106],[-3,50],[-15,63],[-6,43],[-2,10],[-5,35],[-35,56],[-51,47],[-61,43],[-61,38],[-77,35],[-25,66],[-22,61],[-29,85],[-15,47],[49,152],[137,94],[10,26],[59,52],[46,37],[42,37],[43,34],[55,26],[39,19],[27,26],[38,31],[36,42],[20,37],[43,32],[33,34],[29,40],[23,26],[33,39],[36,43],[36,50],[29,36],[36,40],[40,39],[29,13],[62,24],[62,28],[39,19],[46,34],[35,31],[-9,50],[4,66],[10,69],[-19,27],[-32,32],[-48,27],[-32,14],[-36,8],[-39,5],[-74,19],[-36,13],[-5,75],[-3,90],[30,35],[53,71],[35,19],[62,10],[36,0],[68,-17],[57,13],[14,-2],[39,65],[30,69],[-2,86],[-51,85],[-47,35],[-31,21],[11,79],[17,48],[78,49],[85,77],[49,32],[72,49],[104,52],[75,52],[42,62],[11,33],[7,27],[10,21],[10,29],[3,21],[14,64],[13,52],[17,43],[21,49],[12,22],[11,27],[15,30],[28,32],[39,17],[49,18],[39,18],[16,26],[-55,36],[-76,41],[-109,28],[-38,29],[-66,51],[-203,122],[-71,54],[-38,72],[-10,75],[11,85],[23,72],[7,26],[1,3],[14,47],[-6,35],[-10,36],[-28,18],[-16,22],[6,68],[33,75],[44,58],[88,129],[1,22],[0,5],[0,13],[-126,149],[-81,156],[0,63],[6,66],[-44,27],[-38,32],[-22,94],[5,118],[-22,120],[52,127],[12,36],[5,20],[-48,38],[-52,-1],[-52,1],[-87,10],[-47,14],[-50,22],[-76,47],[-70,47],[-71,96],[-60,112],[-127,90],[-58,23],[-99,37],[-88,50],[-104,52],[-64,22],[-89,24],[-100,34],[-94,27],[-55,9],[-29,0],[-49,-3],[-50,-18],[-49,-21],[-43,-29],[-54,-34],[-37,-6],[-46,56],[5,18],[17,22],[17,45],[-11,40],[-66,27],[-115,5],[-60,43],[-41,29],[0,4],[-13,50],[-51,55],[-65,42],[-72,26],[-50,17],[-127,35],[-94,1],[-93,-5],[-28,-4],[-21,9],[-28,22],[-17,31],[-18,26],[-17,31],[-17,9],[-16,9],[-39,-9],[-32,-8],[-44,-14],[-130,138],[-165,312],[-81,96],[-2,75],[3,61],[9,19],[19,18],[43,39],[33,0],[33,5],[38,31],[38,45],[54,40],[60,44],[17,13],[10,23],[-5,31],[-17,31],[-38,10],[-33,13],[-17,40],[0,54],[-5,45],[-5,45],[-17,35],[-9,9],[-2,3],[-17,19],[-40,13],[-8,3],[-5,1],[-3,0],[-4,0],[-23,15],[-87,27],[-65,9],[-61,5],[-56,-10],[-49,-8],[-49,-18],[-39,-18],[-49,-18],[-44,-13],[-72,-22],[-66,-9],[-110,18],[-104,32],[-72,13],[-54,26],[-44,54],[-27,68],[-22,26],[-22,32],[-27,22],[-22,14],[-66,-9],[-61,-9],[-44,-9],[-32,5],[-110,31],[-82,58],[-3,6],[-24,53],[-5,71],[0,32],[0,36],[-50,57],[-55,59],[-33,27],[-27,18],[-50,-23],[-49,-35],[-39,-27],[-38,-23],[-22,-18],[-22,-4],[-49,0],[-39,18],[-11,23],[0,35],[0,18],[-5,18],[-19,3],[-14,2],[-38,-5],[-39,-13],[-33,-5],[-38,-4],[-34,9],[-16,18],[-11,22],[-22,5],[-22,4],[-32,14],[-28,13],[-32,3],[-17,2],[-33,14],[-44,44],[-16,72],[-11,36],[-11,36],[-33,31],[-33,31],[-38,32],[-33,36],[-22,45],[-21,49],[-38,31],[-44,27],[-82,36],[-77,45],[-38,23],[-27,36],[-16,31],[-6,41],[1,44],[6,54],[0,41],[-11,36],[-54,18],[-66,9],[-55,0],[-55,-5],[-50,-9],[-44,-8],[-33,-27],[-27,-27],[-61,-27],[-55,-14],[-66,5],[-54,18],[-28,9],[-16,14],[-33,-9],[-28,-9],[-72,-41],[-54,-40],[-39,-53],[-39,-50],[-77,-54],[-88,-31],[-88,-4],[-88,4],[-82,-18],[-72,-18],[-66,-22],[-60,-17],[-116,-50],[-116,-40],[-33,-14],[-26,-3],[-33,-18],[-22,0],[-22,22],[-5,36],[0,31],[16,41],[6,18],[-6,22],[-49,45],[-60,45],[-39,13],[-22,18],[-5,36],[11,36],[38,22],[78,23],[38,9],[44,13],[33,5],[38,13],[28,22],[27,27],[45,22],[49,23],[50,27],[50,36],[33,40],[22,53],[0,68],[-9,72],[-55,85],[-60,86],[-21,36],[-11,40],[-22,27],[-22,32],[-38,27],[-33,35],[-4,5],[-34,45],[-22,58],[-10,68],[16,71],[34,36],[55,36],[6,4],[11,9],[11,14],[11,18],[-16,27],[-17,36],[-16,22],[-5,27],[0,40],[22,41],[44,27],[61,22],[66,32],[66,35],[28,23],[17,31],[-6,85],[-10,90],[-5,45],[5,53],[0,14],[0,13],[-22,23],[-21,18],[-49,14],[-50,13],[-38,9],[-39,13],[-61,0],[-55,5],[-43,18],[-22,31],[-11,76],[11,86],[11,49],[22,53],[6,49],[0,54],[-15,36],[-23,36],[-50,27],[-49,22],[-44,14],[-39,13],[-55,5],[-50,8],[-37,14],[-28,27],[-27,36],[-11,40],[-11,18],[-6,23],[-38,17],[-39,14],[-72,22],[-66,27],[-77,22],[-5,1],[-71,27],[-27,9],[-23,8],[-16,15],[-17,17],[-27,71],[11,81],[28,54],[6,6],[38,47],[28,45],[44,45],[27,18],[39,14],[82,-6],[94,-18],[38,5],[45,5],[49,0],[60,3],[72,-4],[77,-4],[17,-5],[16,0],[33,-8],[34,-9],[16,-23],[28,-13],[43,-5],[55,18],[67,36],[66,45],[60,31],[56,45],[49,71],[44,63],[67,40],[60,27],[50,45],[50,53],[49,76],[55,85],[39,63],[39,67],[5,27],[12,31],[0,27],[-6,31],[-55,32],[-49,36],[-17,35],[6,41],[22,58],[33,58],[17,49],[11,54],[-16,49],[-11,58],[-6,45],[6,45],[33,76],[35,59],[10,17],[33,89],[49,90],[72,71],[82,76],[56,67],[66,62],[49,14],[61,4],[38,-4],[44,-5],[28,-9],[33,-9],[33,-18],[44,-9],[49,0],[55,8],[38,-9],[121,-75],[24,3],[56,7],[67,27],[165,163],[18,21],[22,5],[22,-5],[22,-4],[11,-45],[0,-45],[-12,-67],[0,-62],[0,-77],[16,-67],[11,-36],[27,-22],[28,-5],[33,18],[33,63],[22,76],[12,40],[22,40],[33,27],[45,20],[4,2],[33,0],[33,-9],[27,-27],[17,-27],[-6,-58],[-11,-58],[-17,-36],[-5,-26],[5,-23],[27,-18],[72,-18],[77,-9],[66,-14],[66,4],[38,9],[28,27],[0,31],[0,36],[22,53],[33,54],[17,31],[22,36],[6,27],[0,31],[-11,32],[-11,27],[-44,22],[-49,22],[-44,18],[-22,32],[-5,31],[55,51],[30,35],[86,97],[38,31],[39,36],[17,44],[16,54],[22,71],[34,76],[44,75],[50,76],[22,40],[28,41],[39,-18],[87,-18],[50,-5],[38,-4],[11,-1],[66,-36],[61,-45],[16,-40],[22,-41],[16,-35],[33,-23],[54,-27],[72,-14],[27,0],[28,13],[22,27],[11,36],[6,102],[6,108],[5,67],[23,67],[12,45],[27,39],[17,9],[27,5],[44,-5],[50,-9],[49,4],[44,18],[17,22],[11,31],[-17,40],[-22,50],[-21,31],[0,32],[22,13],[39,9],[110,4],[110,8],[66,22],[72,36],[56,22],[66,18],[33,-9],[38,-14],[28,-27],[33,-18],[60,-27],[66,-9],[67,0],[77,13],[33,0],[33,4],[71,-18],[78,-9],[44,9],[39,22],[11,22],[11,36],[5,36],[1,20],[0,15],[-17,18],[-16,23],[-27,40],[-16,49],[-33,50],[-28,49],[-27,18],[-17,26],[-22,54],[-5,58],[11,36],[28,41],[34,53],[44,58],[28,49],[34,54],[11,26],[5,36],[6,45],[22,40],[33,31],[45,36],[49,49],[45,54],[6,18],[5,27],[34,39],[61,68],[3,11],[14,42],[11,103],[21,52],[18,41],[41,61],[48,53],[10,19],[10,8],[14,6],[11,15],[-45,40],[-22,27],[-24,29],[-47,53],[-37,26],[-12,40],[22,36],[33,36],[12,35],[6,40],[-6,18],[0,3],[0,24],[-11,45],[1,49],[5,32],[28,22],[27,-9],[39,-14],[44,0],[44,9],[45,18],[49,26],[23,14],[33,13],[50,18],[55,22],[56,22],[66,18],[72,4],[72,13],[39,18],[38,27],[50,13],[61,4],[33,-13],[39,-9],[94,0],[88,22],[45,49],[34,67],[17,40],[16,45],[23,98],[11,103],[-16,54],[-21,53],[-22,63],[-11,72],[-5,76],[28,63],[38,13],[50,18],[12,31],[6,45],[-11,36],[11,31],[34,13],[49,5],[83,3],[89,5],[55,-9],[61,-18],[33,-27],[39,-23],[60,-45],[66,-36],[67,-41],[77,-27],[61,-22],[65,-10],[89,-9],[95,9],[55,13],[56,26],[44,22],[50,27],[36,9],[53,13],[94,23],[72,26],[61,16],[22,6],[50,4],[56,13],[66,9],[39,57],[10,35],[0,4],[5,40],[0,45],[11,44],[17,14],[27,17],[28,13],[22,18],[-6,13],[-11,22],[-17,36],[-11,40],[-11,45],[-5,53],[-5,58],[0,58],[-7,21],[-16,51],[-10,71],[0,45],[11,45],[17,40],[39,36],[58,36],[20,13],[89,31],[28,-10],[39,-13],[54,-6],[61,18],[34,27],[34,40],[22,50],[24,59],[1,72],[18,78],[13,68],[29,73],[17,41],[40,31],[54,-5],[72,-10],[88,-10],[89,