{"type":"Topology","transform":{"scale":[0.000043620140577634114,0.00003217966938439665],"translate":[114.91378699999999,22.614463]},"arcs":[[[16633,4943],[23,-571],[-14,-160],[-121,-1357],[-201,-881],[-15,-36],[-133,-316],[-233,-559],[-695,-698],[-560,-274],[-918,-91],[-328,0],[-433,0],[-514,153],[-470,455],[-694,668],[-424,346],[-329,269],[-344,280],[-784,547],[-1074,425],[-627,-1],[-37,-3],[-1453,-158],[-481,-51],[-932,-127],[-1082,-146],[-918,-318],[-167,-89],[-196,573],[-4,94],[-14,88],[-59,87],[-16,63],[-5,58],[9,48],[24,41],[-6,51],[-41,56],[-81,12],[-42,23],[-33,42],[-38,35],[-18,54],[-19,89],[0,95],[14,113],[-4,69],[-8,52],[-36,15],[-37,-6],[-29,12],[-33,53],[-26,63],[-2,8],[-39,53],[-15,22],[-22,31],[-51,49],[-5,5],[-43,59],[-19,54],[0,65],[5,47],[9,42],[8,55],[11,53],[5,41],[11,51],[15,64],[12,47],[5,43],[1,39],[4,37],[-4,30],[-7,15],[-18,-9],[-14,-25],[-17,-21],[-31,-21],[-27,-16],[-52,-1],[-49,14],[-35,4],[-35,8],[-33,7],[-34,17],[-38,10],[-28,13],[-53,41],[-33,36],[-23,59],[-76,167],[-28,94],[-24,41],[-28,42],[-43,35],[-38,24],[-52,-12],[-47,-11],[-47,-1],[-38,24],[-24,36],[-14,53],[-38,35],[-33,47],[-43,77],[-28,89],[0,24],[9,35],[0,30],[0,30],[-24,24],[-28,29],[-43,47],[-33,54],[-14,17],[0,18],[9,18],[19,18],[38,17],[43,24],[19,18],[14,35],[0,30],[-5,36],[-14,29],[-9,42],[-10,59],[5,65],[5,53],[4,60],[-12,64],[-2,7],[-1,23],[-1,5],[0,4],[-3,39],[10,35],[9,36],[-85,100],[-109,83],[-28,6],[-24,-6],[-4,-3],[-48,-38],[-47,-30],[-29,6],[-19,35],[-9,42],[-5,42],[-33,23],[-24,30],[-5,23],[5,36],[-24,71],[-14,77],[5,41],[24,42],[28,29],[33,36],[14,24],[10,35],[-14,42],[-14,47],[-24,53],[-15,59],[0,18],[10,18],[43,18],[52,18],[52,23],[47,42],[5,29],[5,42],[9,71],[19,71],[14,35],[14,36],[0,12],[-5,18],[-23,-1],[-19,7],[-57,35],[-43,48],[-28,47],[-19,59],[-43,71],[-42,65],[-43,12],[-33,23],[-24,72],[0,94],[14,65],[10,71],[-43,66],[-52,65],[-52,36],[-33,41],[0,41],[24,48],[23,29],[13,22],[21,14],[33,24],[38,35],[14,24],[0,1],[9,38],[12,35],[11,15],[23,24],[13,9],[15,23],[10,20],[8,27],[12,9],[25,-3],[43,-6],[48,-11],[41,-2],[49,-6],[42,2],[24,-3],[60,2],[39,6],[19,12],[22,15],[10,30],[0,47],[9,27],[17,26],[17,19],[10,8],[12,27],[13,21],[22,23],[18,9],[26,-2],[21,-9],[33,-2],[35,2],[29,-13],[35,-19],[41,-16],[38,10],[36,25],[33,24],[38,24],[17,10],[11,15],[4,27],[-3,25],[0,47],[33,72],[48,76],[30,35],[50,24],[40,-1],[31,-23],[33,-29],[33,-24],[38,-29],[47,-13],[67,18],[71,36],[33,6],[33,12],[24,24],[24,35],[19,59],[13,64],[0,48],[5,53],[0,54],[19,47],[33,30],[40,20],[8,3],[47,6],[48,7],[14,5],[14,18],[52,35],[57,30],[42,-18],[48,-18],[33,6],[38,24],[48,42],[46,52],[38,42],[48,47],[28,18],[33,18],[48,12],[47,23],[18,29],[19,41],[34,48],[42,35],[24,0],[33,-11],[38,-30],[38,-23],[15,-6],[14,11],[14,48],[18,64],[24,71],[33,77],[29,65],[39,112],[28,42],[49,46],[40,55],[20,65],[0,53],[4,59],[10,24],[23,23],[28,6],[33,12],[52,12],[53,23],[23,6],[29,12],[42,0],[47,11],[15,6],[14,24],[25,39],[2,4],[16,33],[25,42],[27,35],[31,29],[39,24],[44,11],[77,-7],[76,-24],[33,-36],[33,-47],[27,-60],[2,-5],[26,-33],[56,-48],[15,11],[-29,70],[1,4],[0,6],[16,41],[33,48],[32,29],[37,29],[21,24],[17,29],[16,48],[6,53],[-14,36],[-19,35],[-14,24],[-5,30],[-9,35],[9,30],[43,17],[57,0],[47,-12],[43,-19],[9,-35],[9,-36],[23,-42],[33,-30],[52,-42],[57,-29],[33,-13],[38,-12],[47,-36],[43,-38],[4,-4],[47,-60],[58,-53],[63,-31],[47,-22],[9,-4],[20,-48],[10,-24],[14,-24],[9,-35],[15,-24],[28,-24],[28,0],[5,18],[10,35],[23,18],[38,18],[43,89],[-1,5],[-9,38],[-7,36],[9,30],[20,35],[33,29],[33,35],[5,30],[5,36],[10,23],[19,23],[33,36],[38,35],[53,41],[57,47],[24,41],[19,59],[-9,48],[-9,54],[-4,41],[9,42],[15,52],[24,60],[33,40],[39,48],[23,35],[24,41],[34,41],[38,47],[81,112],[96,106],[28,17],[38,12],[47,11],[58,12],[38,11],[38,18],[29,29],[33,29],[28,12],[34,5],[23,0],[29,-5],[38,-24],[42,-30],[29,5],[23,18],[19,29],[24,35],[15,24],[19,29],[24,30],[33,23],[43,0],[47,6],[29,17],[29,35],[43,47],[47,41],[53,6],[56,5],[81,-6],[81,17],[24,41],[24,53],[48,24],[56,17],[53,11],[47,29],[10,36],[10,47],[14,83],[25,82],[29,53],[38,48],[76,70],[8,8],[68,68],[20,42],[19,47],[34,29],[3,3],[40,32],[33,30],[33,41],[6,35],[0,48],[-10,41],[-29,75],[-8,32],[14,18],[58,11],[66,0],[76,-1],[76,11],[43,11],[47,24],[29,29],[34,41],[14,24],[19,35],[39,77],[16,40],[16,44],[9,65],[-8,74],[-26,199],[-1,3],[-18,81],[-28,123],[-50,147],[-14,36],[5,53],[25,65],[29,77],[19,83],[-14,71],[-23,77],[-18,65],[-5,71],[5,36],[15,36],[29,70],[24,77],[-4,59],[-5,66],[-9,47],[10,35],[38,0],[52,-7],[62,35],[67,41],[38,12],[43,5],[41,-36],[48,-42],[47,-18],[52,-6],[52,-13],[57,6],[43,17],[43,41],[27,21],[29,22],[32,13],[50,6],[67,-16],[25,-27],[9,-1],[7,0],[6,3],[6,8],[4,10],[0,14],[1,12],[0,19],[2,57],[7,40],[19,59],[29,53],[43,41],[67,-6],[62,5],[9,36],[6,59],[9,46],[14,53],[5,30],[10,35],[-9,53],[0,54],[15,29],[24,36],[29,23],[28,30],[-9,77],[1,89],[34,70],[53,59],[33,0],[38,6],[33,28],[38,36],[14,5],[24,12],[43,0],[43,11],[38,17],[38,30],[38,52],[44,65],[9,18],[19,17],[38,6],[48,-1],[28,-17],[29,-13],[43,6],[42,23],[19,35],[20,47],[33,17],[16,7],[27,11],[33,6],[34,23],[14,24],[10,41],[10,53],[14,65],[-4,36],[10,41],[19,23],[33,12],[48,-1],[57,-12],[32,-18],[38,-18],[19,-18],[24,-13],[38,0],[43,17],[33,35],[29,48],[10,29],[10,41],[-9,72],[-9,83],[-14,47],[0,41],[29,30],[43,35],[19,23],[24,30],[5,17],[5,24],[0,42],[5,47],[0,18],[5,12],[43,-19],[51,-24],[24,-1],[24,24],[39,82],[24,106],[-14,48],[-14,30],[-2,19],[-2,16],[-14,48],[0,47],[10,35],[24,42],[34,35],[33,47],[30,89],[29,94],[14,35],[24,42],[29,47],[39,52],[14,18],[19,23],[19,36],[10,41],[-9,42],[-14,41],[-24,12],[-28,13],[-19,-6],[-19,-6],[-24,-5],[-14,5],[-5,30],[15,47],[15,24],[23,23],[62,23],[72,23],[66,11],[77,17],[33,0],[38,5],[61,-30],[67,-7],[100,41],[100,69],[33,35],[29,53],[0,18],[-4,24],[-19,30],[-24,30],[-47,24],[-33,36],[-9,24],[5,35],[19,24],[29,23],[38,59],[43,70],[34,47],[29,53],[5,47],[-5,53],[-23,78],[-23,77],[-9,30],[5,23],[38,0],[53,-12],[33,-12],[38,-1],[47,-1],[52,6],[57,11],[62,23],[67,17],[66,28],[95,34],[96,53],[24,12],[14,29],[-8,54],[-19,59],[-23,24],[-29,12],[-91,-5],[-85,1],[-61,19],[-52,42],[-34,29],[-23,48],[-5,18],[5,23],[39,59],[4,7],[30,53],[-14,30],[-24,29],[-24,24],[-14,30],[-4,58],[5,72],[0,17],[1,18],[-19,30],[-9,36],[5,17],[19,30],[9,23],[6,30],[-19,89],[-18,95],[-4,95],[7,61],[3,39],[10,47],[10,54],[-18,47],[-19,54],[-14,41],[0,48],[39,82],[68,83],[33,-7],[33,12],[48,23],[52,34],[29,6],[33,0],[38,-7],[43,0],[43,-18],[42,-7],[48,-1],[47,17],[19,6],[19,12],[33,11],[34,25],[48,81],[34,60],[13,22],[72,68],[33,59],[19,71],[-10,71],[-14,84],[-10,195],[9,196],[24,154],[31,90],[22,60],[29,30],[37,29],[53,125],[32,143],[-19,77],[-4,77],[23,29],[43,12],[9,-11],[15,-18],[62,-53],[71,-18],[71,18],[67,53],[23,77],[24,84],[38,24],[53,6],[66,-30],[71,-23],[38,6],[47,18],[82,-12],[86,0],[113,0],[106,43],[28,59],[28,84],[62,64],[77,55],[62,8],[91,66],[64,59],[41,95],[-44,134],[18,113],[54,99],[0,2],[45,141],[56,68],[23,3],[99,14],[128,1],[237,-24],[58,-83],[57,-82],[67,-95],[62,-101],[14,-136],[29,-119],[86,-84],[4,-4],[119,-65],[55,-32],[17,-10],[76,-35],[115,-305],[20,-46],[37,-82],[90,-166],[128,-142],[296,-197],[23,-16],[252,-183],[24,-30],[5,-23],[-19,-60],[-33,-48],[-48,-71],[-48,-53],[-38,-30],[-33,-18],[-24,-30],[-9,-29],[9,-60],[20,-59],[9,-42],[0,-30],[-33,-35],[-34,-35],[-14,-54],[10,-47],[76,-60],[62,-53],[-24,-42],[-43,-41],[-19,-47],[0,-42],[19,-78],[24,-77],[9,-112],[10,-113],[-10,-125],[15,-95],[52,-41],[86,-5],[128,-1],[129,37],[71,65],[49,74],[11,158],[73,123],[61,38],[33,20],[72,11],[73,10],[46,-4],[119,-9],[121,-32],[86,18],[106,94],[78,142],[49,53],[49,-31],[52,-29],[53,-6],[123,65],[50,32],[78,51],[91,6],[66,4],[29,2],[57,24],[62,29],[76,0],[80,-12],[43,-29],[33,-84],[62,-77],[33,-71],[19,-59],[0,-65],[33,-71],[57,-36],[43,-54],[43,-53],[28,-77],[43,-53],[39,-19],[75,-144],[101,-135],[119,-119],[105,-162],[89,-178],[-38,-21],[-29,-23],[-28,-48],[-14,-47],[-5,-15],[-19,-68],[-24,-60],[-67,-42],[-72,-17],[-61,0],[-48,-12],