{"type":"Topology","transform":{"scale":[0.0000344305397187381,0.00003057443912276278],"translate":[111.27707400000001,21.468435]},"arcs":[[[28064,3194],[-80,-716],[-380,-554],[-603,-453],[-692,-125],[-1652,-25],[-30,0],[-3630,13],[-247,1],[-3195,-77],[-189,14],[-2268,162],[-804,327],[-559,505],[-17,15],[-71,-293],[-313,-277],[-759,-352],[-647,-176],[-692,-24],[-1131,-1],[-1797,-1],[-1764,-26],[-70,-35],[-130,-64],[-403,-580],[-447,-351],[-312,-101],[-312,13],[-156,50],[-347,125],[35,150],[71,300],[36,156],[11,82],[18,87],[14,69],[4,19],[24,87],[35,125],[18,63],[23,68],[12,69],[12,75],[18,68],[29,69],[42,50],[53,38],[54,44],[65,37],[47,19],[54,25],[47,31],[36,37],[11,38],[0,44],[-6,56],[-11,50],[-12,31],[-12,38],[-6,12],[-12,19],[-18,37],[-35,44],[-12,6],[-42,57],[-48,56],[-36,56],[-23,31],[-12,37],[-12,38],[0,43],[6,38],[12,31],[17,32],[12,50],[-6,44],[-12,43],[-12,50],[-18,44],[-29,43],[-30,50],[-36,50],[-24,50],[-24,50],[-23,56],[-24,57],[-24,50],[-42,37],[-41,44],[-42,31],[-34,22],[-14,9],[-47,19],[-54,12],[-47,13],[-48,6],[-42,-12],[-41,-19],[-36,-13],[-30,6],[-47,26],[-36,37],[-24,50],[-12,56],[0,38],[2,9],[10,34],[24,44],[23,43],[18,38],[12,37],[18,38],[11,44],[0,12],[0,7],[-6,18],[-6,19],[-11,25],[-109,92],[-37,19],[-4,9],[-2,4],[-26,57],[0,15],[-4,56],[22,47],[106,108],[120,140],[36,47],[44,94],[4,47],[-31,70],[-67,42],[-112,9],[-22,19],[-28,47],[-14,117],[5,71],[-14,117],[-63,93],[0,15],[-15,239],[31,70],[31,131],[53,75],[67,33],[35,108],[-5,201],[30,122],[54,52],[9,9],[62,89],[84,108],[31,85],[-47,76],[-2,4],[-23,37],[0,47],[40,46],[67,33],[40,43],[12,93],[-4,24],[8,93],[13,24],[112,99],[26,46],[0,47],[-9,24],[-10,117],[-27,47],[-22,23],[-27,47],[17,141],[-9,70],[-22,47],[-59,70],[-14,94],[-22,70],[-67,42],[-67,0],[-90,28],[-89,66],[-68,23],[-22,-9],[-67,14],[-45,42],[-31,23],[-36,-14],[-22,-47],[-22,-19],[-22,-4],[-67,9],[-41,42],[-5,47],[-31,71],[-68,37],[-22,0],[-133,-47],[-90,9],[-112,51],[-44,5],[-68,18],[-10,6],[-79,37],[-50,39],[-4,3],[-9,22],[-13,34],[-5,61],[9,47],[8,37],[0,47],[10,183],[4,70],[25,52],[13,42],[1,83],[10,8],[30,38],[17,31],[30,63],[-6,31],[-12,12],[-12,31],[-18,19],[-18,19],[-30,6],[-29,6],[-24,13],[-18,12],[-12,25],[-24,6],[-2,6],[-34,107],[-12,62],[-18,62],[-18,69],[-12,37],[0,26],[12,18],[41,44],[41,33],[13,11],[60,44],[59,44],[48,37],[47,37],[48,38],[47,50],[30,50],[30,56],[30,57],[36,62],[35,56],[42,57],[41,56],[41,62],[24,25],[24,26],[18,43],[-24,19],[-18,18],[-30,32],[-6,25],[30,25],[36,6],[47,0],[48,0],[48,0],[41,-6],[36,6],[42,13],[35,6],[31,19],[29,19],[24,25],[42,50],[23,31],[18,25],[36,6],[30,13],[30,19],[11,18],[12,25],[0,31],[0,32],[-18,25],[-24,18],[-24,25],[-12,31],[-6,51],[6,50],[6,56],[12,56],[-6,31],[-12,38],[-6,37],[0,38],[0,37],[1,4],[2,15],[5,30],[0,3],[1,2],[6,25],[3,9],[5,43],[-12,82],[-3,23],[-9,57],[-10,51],[-8,37],[-11,87],[-6,32],[-7,31],[0,75],[-41,38],[-42,43],[-36,38],[-42,37],[-24,6],[-47,25],[-12,19],[-18,31],[-6,38],[-12,31],[-18,31],[-78,37],[-83,19],[-89,19],[-84,12],[-36,-6],[-29,-7],[-30,-6],[-30,0],[-66,0],[-60,6],[-59,7],[-59,6],[-36,0],[-30,0],[-30,0],[-20,4],[-10,2],[-24,-7],[-65,1],[-42,-7],[-35,1],[-36,0],[-36,6],[-47,6],[-42,19],[-36,24],[-24,38],[-18,62],[-6,69],[-6,81],[0,75],[-12,38],[-24,37],[-24,31],[-24,32],[-59,25],[-66,18],[-66,7],[-65,-1],[-48,-19],[-48,-25],[-47,-24],[-42,-19],[-35,-13],[-36,0],[-30,0],[-30,6],[-54,12],[-42,25],[-47,25],[-41,32],[-36,19],[-30,25],[-30,18],[-30,25],[-30,6],[-30,0],[-29,7],[-24,6],[-36,12],[-36,18],[-29,26],[-18,31],[-12,25],[-6,31],[-6,38],[0,37],[-6,13],[-6,12],[-6,13],[-6,12],[-24,38],[-24,43],[-24,44],[-24,37],[-24,19],[-24,12],[-18,13],[-24,6],[-30,-13],[-24,-18],[-30,-19],[-23,-12],[-72,-19],[-65,-7],[-72,-6],[-66,6],[-12,0],[-12,6],[-6,12],[-18,26],[-36,24],[6,32],[-11,25],[-30,13],[-30,18],[-30,13],[-23,18],[-24,13],[-18,12],[-12,19],[-6,25],[0,19],[5,31],[12,25],[0,25],[-36,37],[-42,38],[-42,43],[-24,44],[-11,56],[5,66],[0,3],[6,69],[12,69],[-12,56],[-12,56],[-12,62],[5,56],[18,51],[30,49],[30,44],[30,57],[0,44],[-6,43],[-12,50],[-6,50],[-8,35],[-5,21],[-6,56],[-30,63],[-12,50],[-42,68],[-23,63],[-42,63],[-42,43],[-18,44],[-24,38],[6,31],[0,37],[0,31],[12,38],[17,37],[18,38],[12,25],[-6,56],[12,25],[36,13],[29,37],[0,44],[-12,38],[-18,37],[-42,50],[-6,56],[0,38],[18,37],[12,38],[18,44],[6,25],[0,25],[6,25],[-1,31],[-12,25],[-6,31],[-12,31],[-12,31],[-24,38],[-24,44],[-30,43],[-24,44],[75,275],[7,5],[10,6],[91,82],[48,37],[54,32],[60,31],[65,38],[107,82],[143,106],[53,57],[47,69],[6,31],[0,37],[-18,7],[-13,12],[-24,19],[-12,25],[-18,56],[5,68],[29,69],[35,69],[6,25],[-6,31],[-42,18],[-48,25],[-102,49],[-89,63],[-96,62],[-13,12],[-72,68],[-54,56],[-30,69],[-1,75],[0,74],[-24,19],[-23,19],[-31,50],[-12,56],[0,44],[12,50],[11,44],[29,43],[0,69],[29,62],[30,19],[42,13],[36,-13],[42,1],[47,19],[48,37],[24,38],[17,50],[0,37],[0,44],[-1,44],[6,50],[-6,31],[6,37],[17,26],[29,24],[24,6],[30,19],[29,25],[36,44],[24,50],[23,63],[7,46],[5,29],[23,75],[12,25],[24,19],[24,6],[30,0],[42,-24],[41,-19],[18,6],[12,19],[-12,43],[-13,56],[18,88],[35,87],[48,95],[71,81],[48,13],[54,19],[64,37],[60,57],[0,18],[0,25],[-36,44],[-9,20],[-16,36],[-23,100],[6,94],[29,24],[48,19],[83,13],[78,32],[24,31],[17,44],[12,75],[23,69],[42,25],[-65,364],[-32,116],[-36,63],[-24,62],[0,62],[12,56],[30,57],[41,75],[36,81],[-1,57],[0,68],[-12,75],[-18,81],[-18,31],[-24,31],[-48,37],[-20,28],[-16,22],[-12,44],[-6,56],[-18,44],[-12,49],[-6,31],[12,38],[23,56],[42,57],[30,38],[48,31],[29,0],[270,339],[4,4],[25,28],[68,61],[44,138],[-24,38],[0,49],[17,32],[36,38],[17,55],[6,63],[-29,44],[-25,56],[-36,119],[0,124],[30,69],[53,62],[60,51],[59,56],[36,75],[42,82],[65,125],[72,125],[52,56],[66,44],[72,20],[77,25],[30,38],[36,50],[48,50],[53,31],[23,-13],[30,-18],[46,-19],[14,-6],[66,-12],[12,-6],[18,12],[0,25],[0,32],[-6,12],[0,19],[9,43],[3,13],[8,31],[9,32],[6,31],[18,31],[54,13],[65,0],[54,-6],[54,7],[95,12],[90,38],[59,69],[60,82],[72,50],[83,50],[72,44],[71,51],[54,18],[35,44],[6,50],[12,63],[24,50],[36,50],[78,50],[95,44],[48,0],[48,7],[22,33],[19,29],[9,9],[9,7],[6,2],[8,3],[16,-2],[43,-11],[119,-63],[131,-38],[137,-43],[143,-37],[48,-18],[54,0],[47,12],[36,19],[18,38],[6,43],[-6,31],[0,38],[-18,112],[-12,119],[0,13],[6,24],[12,101],[12,106],[0,100],[12,100],[36,56],[55,57],[17,19],[24,25],[0,12],[1,19],[-18,12],[-12,13],[-31,18],[-30,25],[-29,19],[-30,18],[-48,25],[-41,25],[-30,19],[-18,31],[-6,12],[6,19],[24,19],[41,19],[12,0],[18,6],[48,44],[48,62],[54,138],[54,144],[12,63],[12,68],[-12,32],[-12,31],[-6,37],[15,31],[3,7],[78,25],[101,13],[102,12],[108,19],[65,7],[66,24],[71,44],[10,7],[63,44],[66,38],[72,38],[66,18],[77,25],[121,51],[108,60],[5,2],[78,63],[72,81],[41,94],[37,107],[12,75],[12,81],[6,44],[18,50],[18,37],[36,31],[36,7],[42,-7],[42,-31],[47,-37],[36,-38],[49,-24],[54,-43],[60,-25],[35,-7],[42,19],[48,31],[48,56],[85,95],[102,82],[53,25],[60,12],[36,-19],[42,-18],[48,-25],[61,-5],[54,0],[54,18],[83,57],[91,75],[85,63],[89,62],[48,13],[54,6],[66,-25],[67,-23],[108,-44],[114,-31],[132,-31],[132,-6],[90,19],[78,50],[30,50],[18,75],[-6,50],[1,63],[18,100],[42,106],[66,113],[84,100],[36,25],[55,13],[30,-12],[42,-13],[36,-24],[42,-6],[30,12],[30,38],[96,81],[96,88],[119,131],[60,76],[55,68],[48,51],[54,56],[78,63],[77,74],[43,45],[36,50],[30,69],[36,81],[24,44],[42,44],[71,49],[78,63],[30,57],[36,68],[54,69],[66,69],[30,44],[36,56],[65,88],[72,87],[42,44],[48,56],[144,176],[137,193],[48,82],[36,100],[24,94],[12,106],[-12,81],[-18,81],[-30,75],[-24,87],[-12,57],[6,62],[54,-19],[66,-6],[107,-19],[114,7],[54,31],[48,62],[60,69],[60,82],[47,62],[48,75],[72,100],[4,5],[74,102],[24,56],[18,62],[0,69],[6,75],[18,75],[31,75],[23,81],[30,93],[36,119],[36,125],[0,50],[6,62],[12,75],[18,81],[12,51],[24,50],[42,131],[42,137],[42,69],[42,75],[53,87],[54,100],[54,100],[60,113],[72,150],[90,150],[90,74],[119,62],[90,25],[108,26],[96,49],[12,9],[84,54],[21,13],[62,37],[78,62],[18,56],[12,69],[24,87],[48,82],[48,18],[66,13],[42,0],[48,-7],[101,13],[72,50],[12,50],[0,