{"type":"Topology","transform":{"scale":[0.00002718831192728074,0.00002360398915569321],"translate":[113.516627,22.658314]},"arcs":[[[3800,5240],[-323,525],[-4,5],[-60,99],[-316,621],[-8,15],[-91,181],[-178,428],[-85,92],[-230,209],[-131,118],[-8,8],[-408,409],[-222,490],[-30,128],[-53,229],[-13,475],[29,430],[-27,534],[-82,639],[-24,70],[-40,124],[-186,563],[-138,401],[-54,121],[-107,160],[-119,188],[-79,196],[-31,179],[-39,344],[-277,743],[-17,39],[-197,473],[-22,52],[-19,66],[-51,179],[-82,290],[-31,327],[-47,497],[3,125],[10,165],[59,63],[35,98],[72,101],[317,299],[137,214],[105,193],[53,112],[26,57],[66,175],[30,121],[56,168],[55,87],[25,29],[18,21],[68,45],[101,43],[12,4],[194,63],[233,57],[99,24],[16,5],[324,67],[221,82],[257,128],[9,4],[4,2],[14,7],[167,117],[122,132],[122,157],[69,55],[71,42],[96,42],[153,20],[119,-9],[261,-1],[130,0],[57,-3],[326,-13],[74,11],[22,13],[40,102],[35,64],[22,39],[2,10],[-2,20],[-8,9],[-22,27],[-6,19],[-15,75],[-1,11],[1,7],[2,6],[2,5],[4,3],[6,3],[9,3],[18,4],[74,7],[100,2],[4,1],[9,2],[26,8],[40,11],[49,21],[222,98],[46,0],[36,-15],[6,-22],[2,-57],[-2,-75],[14,-31],[17,-3],[79,54],[94,69],[65,48],[83,34],[42,21],[100,-4],[76,3],[68,15],[29,24],[295,114],[167,69],[43,54],[12,46],[19,33],[66,45],[124,98],[20,16],[103,85],[145,51],[136,99],[145,99],[88,69],[74,94],[57,45],[48,12],[51,-11],[7,-1],[16,-4],[122,-30],[88,3],[65,9],[284,5],[1,0],[52,-18],[99,-115],[97,-80],[130,-106],[62,-18],[2,-1],[192,-122],[7,-4],[136,-28],[193,0],[286,8],[168,14],[102,-18],[44,5],[59,-35],[87,-55],[67,-18],[58,-6],[144,0],[134,19],[8,1],[215,30],[290,9],[259,-9],[56,-14],[65,-36],[126,-87],[4,-3],[26,-18],[126,-74],[94,-52],[74,-56],[89,-54],[75,-22],[258,-150],[97,23],[80,10],[68,-9],[38,-9],[54,0],[40,4],[177,-49],[23,-7],[149,-22],[158,119],[60,92],[117,141],[27,26],[28,27],[49,10],[10,2],[45,10],[40,-3],[39,-37],[48,-92],[60,-69],[94,-114],[96,-76],[61,-47],[2,-1],[12,-10],[38,-51],[6,-8],[6,-8],[22,-12],[23,-16],[30,-9],[38,8],[66,34],[25,14],[8,8],[31,24],[30,24],[46,15],[54,24],[53,23],[53,8],[84,0],[91,-25],[99,-17],[114,-42],[99,-33],[121,-25],[114,-17],[122,-26],[69,-24],[68,-25],[76,-25],[77,-9],[84,-9],[84,8],[83,7],[92,14],[84,7],[92,24],[84,15],[92,23],[31,0],[31,7],[30,8],[31,16],[53,15],[62,24],[62,15],[30,8],[31,8],[54,-1],[61,0],[54,-1],[62,-8],[76,-33],[84,-33],[76,-41],[77,-41],[92,-81],[83,-82],[84,-89],[76,-90],[52,-97],[46,-97],[52,-97],[53,-89],[22,-49],[48,-40],[73,-58],[114,-32],[29,-27],[31,-27],[61,-12],[23,-4],[15,13],[24,29],[15,31],[16,2],[20,1],[36,-32],[23,-40],[22,-41],[18,-80],[49,-64],[28,-4],[80,-13],[94,-33],[76,-8],[59,9],[53,-9],[81,-26],[84,6],[112,48],[26,23],[47,44],[66,31],[55,46],[88,62],[129,118],[132,88],[140,58],[126,48],[88,32],[73,39],[45,24],[53,32],[39,33],[53,32],[45,24],[54,24],[60,1],[76,0],[122,-49],[122,-48],[53,-33],[61,-24],[86,-45],[68,-28],[137,-27],[133,-87],[34,-50],[44,-114],[34,-74],[7,-80],[10,-70],[1,-11],[6,-94],[2,-12],[25,-147],[25,-62],[33,-77],[38,-72],[31,-97],[17,-58],[21,-71],[53,-113],[19,-49],[214,-433],[77,-107],[3,-4],[45,-63],[130,-86],[178,-31],[115,14],[79,12],[105,6],[51,-1],[38,-2],[67,39],[18,11],[-54,-173],[105,-102],[2,-8],[13,-12],[48,-45],[104,-53],[3,-1],[7,-4],[64,-53],[89,-110],[151,-199],[38,-90],[7,-11],[9,-8],[13,-7],[56,-12],[48,-16],[16,-9],[10,-17],[0,-48],[-8,-32],[-30,-49],[-16,-12],[-15,-12],[-9,-5],[-9,-4],[-35,-16],[-45,0],[-46,17],[-31,16],[-10,-14],[-20,-27],[-7,-56],[-18,-55],[-20,-66],[-31,-105],[-31,-49],[-15,-24],[-23,-57],[15,-65],[16,-56],[-39,-89],[-8,-10],[-5,-6],[-23,-29],[-17,-20],[-114,-49],[-68,-31],[-38,-17],[-46,-73],[-27,-58],[-11,-22],[-67,-79],[-6,-7],[-6,-6],[-13,-24],[-3,-7],[-27,-45],[29,-68],[11,-23],[15,-17],[25,-29],[53,-60],[9,-10],[4,-1],[64,-23],[25,11],[8,4],[7,3],[3,11],[33,174],[4,7],[3,2],[4,0],[5,-2],[1,-8],[5,-28],[11,-23],[158,-232],[29,-42],[5,-13],[35,-79],[5,-91],[-17,-151],[11,-30],[8,-2],[49,-11],[14,6],[15,6],[28,30],[53,100],[56,106],[57,30],[28,6],[57,-37],[18,-31],[7,-63],[3,-28],[-9,-33],[-8,-27],[6,-30],[13,-24],[4,-7],[9,-2],[31,-10],[28,24],[2,4],[34,73],[50,105],[21,13],[8,5],[15,-4],[13,-3],[29,-18],[11,-30],[-6,-61],[-23,-61],[-46,-48],[35,-60],[38,-36],[84,-40],[106,-32],[122,-7],[107,-40],[98,1],[30,48],[15,89],[-8,57],[-7,64],[-1,49],[15,40],[31,40],[59,41],[16,0],[30,6],[6,9],[17,22],[5,60],[17,35],[12,26],[56,19],[111,39],[4,1],[52,37],[31,46],[5,7],[60,63],[42,5],[64,-6],[70,-11],[47,-14],[52,-26],[41,-35],[44,-15],[70,-45],[78,-61],[67,-41],[51,-3],[32,9],[37,20],[51,18],[14,9],[32,20],[43,-5],[13,-1],[13,2],[16,3],[10,-3],[29,-10],[18,-6],[57,-48],[26,-36],[42,-56],[86,-70],[10,-9],[7,-6],[24,-23],[221,-405],[10,-10],[27,-18],[4,-3],[13,-8],[81,-36],[22,-13],[25,-20],[13,-45],[10,-85],[-3,-65],[-67,-322],[-31,-129],[-1,-10],[-30,-105],[-26,-54],[-329,-359],[-28,-51],[-8,-39],[-2,-78],[-13,-201],[-5,-122],[0,-48],[32,-129],[6,-13],[10,-17],[38,-20],[19,-9],[45,-23],[41,-21],[22,-43],[24,-46],[45,-33],[87,-76],[69,-68],[11,-8],[52,-40],[99,-75],[5,-2],[72,-18],[96,17],[63,-28],[75,-55],[68,-47],[58,-13],[26,6],[41,27],[27,6],[22,-7],[9,-53],[38,-52],[79,-122],[26,-28],[22,-5],[4,-1],[6,-2],[99,7],[38,12],[32,20],[22,13],[42,17],[34,-1],[27,-1],[17,-6],[9,-7],[4,-13],[2,-61],[4,-44],[14,-56],[17,-39],[7,-34],[-2,-26],[-7,-34],[-18,-31],[-4,-5],[-21,-26],[-15,-18],[-9,-35],[-3,-30],[3,-23],[9,-32],[1,-25],[-1,-19],[-6,-13],[-25,-21],[-36,-15],[-22,-9],[-24,-25],[-19,-31],[-16,-26],[-16,-35],[-13,-62],[-12,-64],[-13,-40],[-25,-36],[-18,-16],[-37,-5],[-29,-3],[-4,-1],[-30,-13],[-24,-67],[-37,-41],[-38,-9],[-9,-2],[-22,-5],[-69,14],[-5,4],[-62,38],[-62,48],[-106,40],[-96,-1],[-86,-64],[-10,-28],[-28,-70],[-14,-218],[5,-42],[19,-168],[7,-31],[24,-114],[46,-137],[8,-170],[27,-189],[-35,-102],[-5,-8],[-53,-49],[-44,-39],[-24,-58],[8,-65],[43,-91],[25,-53],[16,-17],[53,-56],[46,-81],[4,-20],[10,-52],[9,-49],[8,-113],[-15,-60],[-7,-26],[-11,-65],[-4,-19],[-2,-8],[-13,-56],[0,-65],[6,-87],[2,-42],[-10,-116],[-16,-66],[-18,-85],[-45,-81],[-5,-8],[-40,-65],[-15,-19],[-23,-29],[-23,-38],[-7,-12],[-8,-40],[8,-32],[0,-40],[8,-24],[-30,-25],[-15,-24],[-15,-60],[-8,-29],[-33,-30],[-273,-322],[-366,-330],[-57,-21],[-57,-20],[-135,-16],[-8,-1],[-53,-16],[-46,-17],[-210,-93],[-47,-21],[-107,-25],[-90,-25],[-61,-40],[-11,-29],[-11,-28],[-4,-73],[-3,-64],[31,-138],[107,-253],[71,-114],[138,-99],[20,0],[13,-2],[100,-6],[46,-40],[28,-37],[10,-11],[13,-75],[2,-14],[24,-90],[46,-120],[76,-105],[76,-48],[76,-40],[-1,-7],[-7,-49],[-13,-69],[10,-52],[4,-25],[33,-55],[5,-10],[69,-80],[63,-60],[13,-12],[11,-35],[12,-38],[0,-65],[-37,-89],[-16,-22],[-37,-50],[-13,-15],[-15,-16],[-25,-26],[-37,-57],[-4,-7],[-24,-50],[-5,-8],[-20,-40],[-22,-105],[24,-95],[3,-23],[1,-5],[10,-20],[8,-59],[15,-65],[24,-105],[-46,-56],[-39,-13],[-36,-12],[-68,-15],[-46,-10],[-38,-9],[-68,-16],[-31,-25],[-30,-23],[-44,-66],[0,-145],[13,-45],[10,-36],[16,-80],[-15,-98],[-15,-80],[-37,-65],[-5,-39],[-3,-18],[6,-8],[48,-64],[29,-44],[9,-13],[-25,-17],[-21,-15],[-11,-5],[-15,-6],[-34,-14],[7,-64],[3,-16],[5,-33],[-52,-40],[-61,-17],[-38,-16],[-15,-16],[-16,-46],[-14,-43],[16,-89],[-38,-193],[-152,-203],[-46,-106],[-27,-205],[-7,-54],[-66,-63],[-2,-2],[-54,-113],[-28,-57],[-48,-120],[-20,-50],[-90,-12],[-118,16],[-125,26],[-31,16],[-38,16],[-221,49],[-167,88],[-30,47],[-41,96],[-4,8],[0,21],[-1,19],[0,22],[0,45],[0,7],[15,16],[30,16],[7,2],[54,15],[43,23],[10,5],[7,4],[15,49],[23,40],[53,-15],[53,-9],[15,37],[15,37],[21,110],[8,30],[85,151],[1,35],[-19,33],[-91,79],[-4,4],[-106,93],[-89,58],[-81,53],[-74,47],[-119,80],[-3,5],[54,158],[-3,101],[-12,28],[-50,72],[-213,62],[-53,25],[-31,48],[-15,33],[-8,15],[7,65],[16,32],[22,41],[-7,17],[-16,39],[-7,20],[-16,45],[0,15],[0,66],[-1,80],[17,27],[-1,4],[-47,50],[-10,14],[-27,35],[-39,-10],[-16,-4],[-14,-3],[-68,-57],[-7,-12],[-30,-45],[-31,-40],[-45,-1],[-46,40],[-27,24],[-11,8],[-30,40],[-31,28],[-3,3],[-19,18],[-46,40],[-46,-16],[-45,-25],[-29,-20],[-17,-12],[-30,-1],[-23,41],[-5,44],