{"type":"Topology","transform":{"scale":[0.00003285671293452854,0.00003357355352541568],"translate":[113.15313499999999,22.206554]},"arcs":[[[6585,16935],[25,-26],[41,-64],[28,-32],[73,-54],[14,-10],[103,-65],[79,-51],[126,-60],[157,-74],[70,-36],[17,12],[182,-108],[140,-91],[20,-11],[98,-51],[41,-22],[9,-5],[186,-71],[236,-81],[110,-34],[150,-27],[173,-22],[192,0],[63,-43],[131,-89],[93,-269],[67,-46],[42,-39],[34,-21],[51,-26],[122,-60],[101,-59],[6,-3],[24,-13],[135,-95],[77,-71],[21,-27],[9,-33],[15,-32],[44,-47],[62,-29],[102,-57],[111,-78],[51,-29],[177,-111],[3,-2],[92,-64],[2,-2],[23,-16],[44,-29],[46,-30],[129,-83],[85,-59],[148,-106],[302,-182],[232,-165],[131,-95],[53,-37],[4,-10],[-3,-2],[-80,-79],[-9,-9],[-56,-54],[-52,-40],[-51,-45],[-40,-41],[-11,-44],[-3,-36],[47,-74],[42,-73],[36,-103],[46,-77],[85,-104],[98,-149],[100,-145],[89,-130],[94,-160],[80,-147],[109,-156],[56,-71],[120,-172],[51,-98],[68,-78],[63,-51],[135,-75],[150,-32],[301,-79],[177,-43],[255,-88],[49,-27],[116,-65],[45,-26],[41,-24],[21,-12],[53,-39],[109,-79],[94,-84],[89,-84],[6,-8],[154,-196],[29,-36],[97,-153],[54,-68],[91,-171],[60,-193],[74,-217],[1,-28],[8,-34],[148,-419],[72,-82],[142,-12],[338,-18],[175,-3],[351,5],[56,2],[20,-441],[2,-44],[2,-44],[11,-212],[25,-244],[13,-137],[25,-130],[13,-216],[26,-204],[31,-148],[38,-136],[12,-114],[7,-107],[-169,147],[-107,79],[-113,74],[-100,40],[-107,28],[-257,11],[-256,-12],[-176,-23],[-169,-34],[-144,-40],[-131,-46],[-132,-80],[-60,-32],[-153,-82],[-1107,-592],[-194,-97],[-194,-69],[-49,-15],[-252,-82],[-52,-9],[-107,-18],[-63,-11],[-78,-13],[-263,10],[-113,32],[-122,38],[-11,7],[-35,28],[-23,16],[-22,4],[-28,1],[-37,-1],[-16,-1],[-4,-4],[-2,-2],[-5,-6],[-3,-2],[-30,-25],[-22,-8],[-5,-1],[-8,-3],[-53,-17],[-88,-6],[-81,17],[-63,17],[-50,-34],[-9,-18],[-16,-28],[7,-68],[6,-51],[-38,-29],[-49,0],[-47,10],[-35,7],[-69,45],[-63,91],[-6,4],[-31,19],[-26,17],[-31,-17],[-13,-6],[-43,-34],[-8,-1],[-56,-9],[-12,-2],[-68,-17],[-25,-17],[-75,-52],[-56,-85],[0,-125],[13,-119],[-25,-51],[-38,-29],[-112,0],[-94,-12],[-35,-59],[-9,-15],[0,-96],[1,-67],[0,-132],[7,-51],[27,-123],[67,-157],[83,-47],[26,-35],[54,-27],[3,-1],[6,-3],[3,-2],[26,-17],[3,-4],[3,-4],[38,-117],[22,-70],[4,-15],[-50,-250],[-43,-133],[-5,-86],[0,-16],[3,-6],[18,-33],[16,-29],[39,-44],[12,-13],[6,-74],[10,-45],[3,-12],[37,-17],[13,-3],[31,-8],[18,-27],[3,-5],[23,-36],[19,-44],[13,-30],[19,-91],[-13,-73],[-46,-46],[-35,-34],[-32,-17],[-68,-35],[-112,-57],[-106,-23],[-113,17],[-105,26],[-8,2],[-72,-8],[-14,-2],[-14,-2],[-148,-81],[-4,-6],[-2,-3],[-32,-43],[2,-28],[0,-4],[2,-45],[1,-10],[0,-13],[68,-97],[2,-2],[9,-7],[17,-12],[26,-18],[2,-2],[11,-7],[13,-9],[14,-10],[21,-14],[1,-1],[16,-11],[8,-6],[7,-6],[5,-5],[7,-6],[8,-7],[9,-8],[15,-14],[-17,-43],[2,-5],[83,-101],[151,-147],[30,-61],[4,-7],[83,-157],[22,-28],[75,-99],[19,-62],[71,-71],[2,-3],[9,-9],[14,-13],[73,-103],[73,-65],[3,-3],[74,-18],[47,-13],[27,-42],[61,-67],[32,-35],[30,-28],[18,-24],[-3,-96],[-27,-123],[-30,-81],[-29,-37],[-5,-8],[-18,-41],[-84,-44],[-79,-41],[-17,-7],[-72,-16],[-6,-2],[-13,-4],[-69,-32],[-4,0],[-4,-1],[-140,-36],[-162,-12],[-7,2],[-58,12],[-16,3],[-69,11],[-14,-10],[-93,-70],[-34,-49],[-40,-59],[-2,-4],[-17,-47],[1,-17],[2,-9],[7,-11],[134,-91],[2,-77],[-27,-32],[-57,-24],[-84,-9],[-95,-9],[-58,-6],[-112,-9],[-65,-125],[-74,-143],[-5,-1],[-2,0],[-3,1],[-2,3],[-68,71],[-49,26],[0,-7],[5,-29],[5,-44],[-11,-12],[-91,-83],[-129,-64],[-54,-14],[-18,-5],[-19,-7],[-1,-1],[-3,-1],[-21,-11],[-15,-4],[-4,0],[-13,-5],[-13,-3],[-18,-6],[-23,-8],[-11,-5],[-8,-4],[-4,-2],[-10,-2],[-7,-5],[-13,-5],[-13,-6],[-8,-3],[-17,-7],[-9,-6],[-19,-5],[-3,0],[-7,-2],[-10,-2],[-8,-4],[-6,-4],[-5,-2],[-8,-3],[-19,-5],[-7,-3],[-7,-3],[-6,0],[-2,-6],[-2,-5],[-3,-1],[-9,-2],[-7,0],[-8,-1],[-8,-2],[-9,4],[-4,-4],[-5,-1],[-5,-2],[-12,-3],[-14,2],[-7,-3],[-4,0],[-11,1],[-8,-3],[-14,-4],[-15,-8],[-8,1],[-17,-6],[-21,-3],[-30,-9],[-24,-5],[-1,0],[-43,-13],[-2,0],[-155,-11],[-31,-2],[-38,-2],[-16,0],[-11,0],[-89,8],[-232,19],[-64,92],[-96,129],[-120,126],[-156,156],[-81,103],[-32,46],[-161,225],[-8,12],[-63,57],[-69,45],[-73,13],[-14,2],[-7,2],[-94,4],[-65,-15],[-54,-13],[-95,-11],[-11,-1],[-94,36],[-38,15],[-119,85],[-176,107],[-59,52],[-9,7],[-47,40],[-3,3],[-18,15],[-14,13],[-2,2],[-188,251],[-6,7],[-93,175],[-58,109],[-57,134],[-25,59],[-64,204],[-100,225],[-7,16],[-57,128],[-152,374],[-51,148],[-32,153],[-13,222],[-20,160],[-3,25],[-1,12],[-3,19],[-35,64],[-47,83],[-113,136],[-227,244],[-245,232],[-82,108],[-365,436],[-34,34],[-46,47],[-65,66],[-96,98],[-7,7],[-3,3],[-39,39],[-157,102],[-163,102],[-51,113],[-38,120],[-57,153],[-33,159],[17,117],[8,53],[-31,32],[-7,8],[-32,51],[-13,85],[6,91],[-14,72],[-5,25],[-13,96],[18,142],[18,143],[-18,48],[-7,20],[-39,73],[-82,102],[-33,42],[-48,61],[-76,107],[-51,119],[-38,108],[-19,120],[-33,141],[-44,142],[-196,272],[-202,272],[-44,57],[-7,10],[-37,47],[-17,28],[-53,91],[-101,125],[-76,153],[-82,102],[-88,96],[-126,79],[-120,91],[-164,158],[-132,176],[-32,57],[-22,39],[-41,74],[-51,193],[-27,233],[-14,239],[-38,159],[-58,165],[-19,35],[-1,3],[-71,129],[-23,42],[-22,41],[-92,169],[-125,224],[-2,3],[-6,11],[-139,239],[-28,24],[-80,72],[-93,103],[-4,6],[-4,6],[6,117],[-9,128],[-38,141],[21,112],[52,273],[52,186],[103,129],[7,24],[6,3],[11,3],[3,1],[16,4],[3,2],[1,6],[2,3],[1,5],[1,8],[2,12],[1,18],[1,22],[0,4],[-3,39],[-3,55],[-3,41],[-1,25],[-2,18],[1,6],[1,23],[3,55],[3,54],[1,17],[60,27],[56,52],[4,4],[3,8],[7,21],[13,24],[13,13],[38,46],[15,18],[15,18],[32,38],[23,28],[23,36],[7,12],[8,15],[6,10],[2,13],[-5,8],[-10,9],[2,10],[18,13],[2,1],[54,39],[19,0],[13,-7],[14,-13],[18,-14],[15,-11],[30,-5],[25,-9],[49,-48],[48,-30],[26,-21],[9,-3],[46,12],[92,32],[33,6],[37,7],[30,1],[11,-1],[3,1],[7,2],[23,3],[33,3],[28,0],[-15,30],[-40,67],[14,69],[32,44],[19,68],[86,95],[44,99],[20,71],[5,17],[-6,38],[31,34],[136,92],[105,70],[83,108],[104,109],[60,79],[11,38],[15,51],[2,8],[19,92],[11,8],[64,44],[45,46],[65,97],[65,108],[69,155],[38,161],[46,79],[16,24],[50,31],[14,8],[34,8],[30,8],[35,8],[94,6],[87,-32],[23,-14],[66,-38],[23,-22],[46,-43],[27,-27],[44,-43],[54,-109],[21,-35],[48,-77],[2,-4],[2,-3],[2,-3],[50,-63],[14,-19],[68,-52],[28,-2],[30,-3],[69,22],[29,21],[15,11],[3,2],[26,20],[3,2],[18,13],[85,98],[86,92],[94,55],[92,53],[105,11],[122,-14],[105,-29],[99,-30],[105,-19],[107,8],[140,15],[6,1],[29,3],[107,27],[233,62],[181,57],[36,14],[15,10],[8,11],[0,14],[-9,29],[-23,29],[-17,29],[-1,16],[3,9],[4,19],[11,20],[14,29],[7,10],[3,3],[27,28],[27,18],[19,7],[132,56],[91,57],[32,29],[18,22],[13,13],[14,13],[21,10],[41,13],[25,19],[14,11],[38,16],[6,2],[48,19],[12,7],[58,23],[88,24],[52,18],[48,21],[18,4],[9,1],[9,4],[8,7],[66,119],[136,123],[98,124],[37,-28],[84,-58],[58,-37],[17,-18]]],"objects":{"442000":{"type":"GeometryCollection","geometries":[{"arcs":[[0]],"type":"Polygon","properties":{"name":"中山市"},"id":"442000"}]}}}