{"type":"Topology","transform":{"scale":[0.000026877886178862063,0.00002748344573881052],"translate":[116.363362,23.428889]},"arcs":[[[16752,7584],[53,-63],[54,-63],[7,-77],[15,-55],[76,-56],[102,-34],[69,-57],[74,-27],[26,-10],[14,-3],[-46,-189],[-28,-154],[-4,-27],[-47,-27],[-54,1],[-86,27],[-61,8],[-55,-28],[-47,-41],[-108,1],[-108,7],[-39,-27],[-31,-22],[-132,-68],[-124,-34],[-77,22],[-77,49],[-84,21],[-78,1],[-39,-35],[-23,-41],[-24,-90],[-9,-90],[-21,-38],[-18,-31],[-46,-63],[-71,-89],[-54,-83],[-48,-132],[-32,-132],[-20,-52],[-28,-73],[-55,-91],[-7,-12],[-31,-21],[-31,0],[-46,28],[-3,5],[-35,44],[-85,43],[-77,35],[-77,7],[-62,-13],[-77,-55],[-61,-61],[-2,-1],[-54,-91],[-55,-54],[-140,-20],[-90,30],[-33,12],[-61,63],[-14,61],[-8,36],[-23,118],[-11,66],[-3,17],[-8,42],[-17,17],[-4,4],[-2,7],[-31,28],[-153,147],[-161,132],[-100,43],[-109,28],[-90,-2],[-7,0],[-103,-4],[-108,-6],[-4,-1],[-90,-5],[-161,8],[-147,-6],[-109,-55],[-62,-83],[-9,-76],[23,-77],[13,-107],[1,-11],[-8,-97],[-85,-55],[-108,-27],[-132,-13],[-101,-21],[-39,-46],[-31,-37],[-16,-97],[46,-104],[100,-91],[69,-62],[100,-42],[270,-134],[14,-146],[6,-139],[-8,-118],[-24,-103],[-54,-42],[-63,-14],[-23,0],[-15,14],[-76,8],[-70,-7],[-17,-14],[-30,-27],[-31,-42],[-62,-6],[-39,-7],[-24,-56],[7,-69],[54,-160],[3,-186],[-18,-316],[-4,-302],[30,-267],[53,-261],[92,-183],[11,-22],[15,-32],[61,-250],[13,-250],[36,-244],[53,-159],[76,-154],[15,-69],[8,-56],[-94,-122],[-32,-31],[-28,-24],[-98,-26],[-93,-20],[-97,-38],[-61,-57],[-103,-213],[-150,-27],[-3,0],[-3,-1],[-5,-2],[-4,-2],[-4,-3],[-4,-2],[-6,-5],[-17,-11],[-21,-12],[-9,-5],[-9,-7],[-4,-3],[-12,-9],[-11,-8],[-17,-13],[-9,-8],[-3,-2],[-23,-19],[-10,-7],[-12,-10],[-20,-16],[-7,-6],[-32,-25],[-9,-6],[-16,-13],[-15,-12],[-5,-5],[-9,-8],[-1,-2],[-12,-13],[-1,0],[-7,-8],[-15,-17],[-9,-9],[-4,-5],[-25,-24],[-9,-10],[-11,-12],[-9,-7],[-4,-3],[-4,-2],[-2,-1],[-5,-2],[-1,0],[-4,0],[-9,-1],[-10,-1],[-17,0],[-4,0],[-18,-1],[-4,-1],[-4,-1],[-17,-3],[-11,-2],[-5,-1],[-3,-1],[-3,-1],[-4,-1],[-18,-7],[-3,-2],[-4,-2],[-4,-2],[-4,-2],[-8,-2],[-14,-4],[-23,-4],[-12,-4],[-6,-2],[-8,-5],[-5,-3],[-8,-8],[-9,-9],[-30,-34],[-12,-14],[-8,-8],[-7,-7],[-19,-16],[-30,-22],[-35,-19],[-13,-7],[-14,-9],[-9,-6],[-2,-2],[-74,-71],[-12,-13],[-41,-50],[-31,-46],[-6,-7],[-5,-1],[-5,-1],[-76,22],[-14,3],[-12,4],[-7,-1],[-26,-21],[-40,-9],[-29,-4],[-44,-3],[-71,12],[-100,49],[-93,28],[-62,-21],[-46,-28],[-94,-62],[-85,-40],[-92,-7],[-93,21],[-139,7],[-123,22],[-23,49],[-31,49],[-99,76],[-62,84],[9,62],[46,69],[57,63],[6,7],[39,76],[-46,83],[-38,84],[16,28],[38,41],[8,28],[8,35],[-23,48],[-38,49],[-85,35],[-33,21],[-44,28],[-23,42],[-7,48],[-23,49],[-23,49],[-70,55],[-69,56],[-38,49],[-38,49],[-47,7],[-38,0],[-55,-34],[-54,-35],[-77,-20],[-77,0],[-78,21],[-61,42],[-77,49],[-77,49],[-85,35],[-77,35],[-16,9],[-69,40],[-84,49],[-131,49],[-132,34],[-85,-41],[-131,-20],[-77,28],[-70,49],[-62,8],[-46,20],[-93,49],[-77,63],[-30,28],[-31,21],[-62,-34],[-54,-21],[-100,29],[-78,68],[-76,146],[-52,167],[-31,84],[-30,84],[-85,35],[-64,31],[-21,11],[-140,97],[-91,118],[-15,70],[16,90],[0,69],[16,84],[0,125],[9,124],[-22,98],[-7,97],[16,118],[9,15],[53,89],[54,20],[69,13],[95,43],[77,62],[32,55],[7,62],[-38,57],[-22,62],[8,28],[38,21],[93,34],[108,20],[46,-28],[55,-13],[23,13],[31,35],[16,42],[31,41],[31,14],[39,13],[31,14],[23,27],[-8,49],[-22,56],[-36,54],[-25,37],[-38,97],[-15,132],[24,139],[32,90],[39,97],[7,27],[0,28],[-54,14],[-53,22],[-117,48],[-100,63],[-84,70],[-69,77],[-46,27],[-39,15],[-46,-28],[-24,-48],[-16,-83],[-23,-56],[-102,-22],[-116,22],[-84,29],[-62,62],[-14,84],[-8,83],[-15,7],[-62,28],[-62,41],[0,3],[8,150],[-7,125],[-69,28],[-139,-40],[-59,479],[108,27],[85,55],[39,62],[16,83],[-22,91],[-39,97],[-63,81],[-13,17],[-69,98],[-53,90],[-46,98],[-54,56],[-54,47],[-93,15],[-84,21],[-54,28],[-31,56],[-45,132],[-22,153],[7,49],[1,48],[-85,50],[-78,48],[8,27],[25,36],[8,125],[-16,117],[-31,14],[-31,7],[-101,-55],[-92,-34],[-36,6],[-103,16],[-140,48],[-123,22],[-108,28],[-123,57],[-116,41],[-39,-20],[-39,-21],[-154,-33],[-139,7],[-40,27],[-15,56],[-38,111],[-38,112],[-43,22],[-11,6],[-61,21],[-93,14],[-77,29],[-38,21],[-15,42],[8,20],[23,35],[39,55],[31,63],[-7,27],[-16,28],[-61,21],[-71,14],[-84,1],[-70,14],[-169,56],[-140,22],[-69,-69],[-31,-105],[-24,-69],[-16,-48],[-31,-21],[-31,7],[-115,77],[-84,119],[-123,180],[-84,202],[-8,98],[-15,97],[-77,49],[-100,28],[-108,0],[-108,1],[-263,-6],[-240,29],[-123,35],[-108,98],[-100,49],[-78,69],[-15,56],[-7,63],[-62,41],[-54,49],[-77,84],[-61,97],[-61,77],[-70,56],[-92,0],[-94,-20],[-50,-35],[-89,-62],[-123,8],[-47,42],[-15,76],[-30,97],[1,104],[15,56],[24,62],[-31,63],[-39,70],[-53,117],[-46,133],[62,-14],[62,6],[85,28],[85,47],[140,95],[54,37],[179,152],[54,70],[46,70],[8,12],[54,35],[63,41],[77,62],[86,70],[101,131],[116,132],[125,76],[132,82],[109,111],[101,124],[31,63],[23,28],[23,27],[171,41],[193,13],[139,-14],[147,-22],[100,-35],[81,-37],[28,-12],[69,-49],[85,-28],[85,-8],[85,-7],[70,-35],[61,-42],[100,-133],[115,-118],[139,-119],[154,-84],[77,-21],[85,-8],[116,-49],[124,-34],[209,-43],[115,-22],[109,15],[146,-2],[147,41],[47,48],[39,69],[8,62],[23,63],[23,13],[33,16],[77,34],[62,55],[3,22],[5,26],[0,70],[-5,73],[-2,38],[1,111],[-22,181],[1,180],[17,222],[6,24],[49,191],[77,83],[93,89],[1,84],[-8,90],[-6,146],[16,138],[23,42],[56,36],[93,61],[155,83],[101,61],[46,42],[24,55],[31,180],[72,91],[-9,70],[-204,268],[-32,84],[-54,114],[-77,90],[-218,140],[-199,147],[-30,21],[-182,118],[-29,26],[-79,130],[-47,158],[24,61],[28,42],[59,-15],[26,-6],[124,-49],[62,0],[13,2],[64,11],[77,0],[85,-8],[69,-63],[56,-26],[32,41],[23,90],[31,76],[55,76],[62,76],[77,48],[54,-28],[70,-50],[132,-27],[147,-8],[61,-14],[55,14],[-8,62],[15,28],[8,20],[16,28],[47,34],[63,43],[31,27],[23,42],[-38,77],[-46,90],[-15,21],[70,55],[241,152],[300,71],[80,87],[110,158],[7,28],[1,42],[-23,34],[-15,42],[0,28],[15,35],[24,27],[46,21],[203,41],[216,-1],[125,-69],[131,-70],[23,-1],[32,21],[23,21],[31,13],[54,-28],[69,-35],[132,-62],[54,-29],[85,0],[93,41],[140,132],[117,55],[133,131],[17,82],[7,29],[0,125],[-22,188],[-37,187],[-38,49],[-8,48],[47,49],[16,23],[52,44],[28,56],[-3,149],[-5,290],[66,56],[67,19],[140,27],[70,-14],[85,-21],[131,-28],[116,6],[24,34],[0,49],[-61,42],[-70,49],[-131,70],[-93,90],[-15,63],[24,76],[0,49],[16,55],[16,49],[39,41],[124,56],[132,61],[31,28],[39,34],[32,42],[39,27],[16,-5],[23,-9],[54,-35],[61,-69],[78,-56],[77,-21],[77,20],[24,35],[16,62],[55,104],[47,111],[16,118],[1,125],[-31,55],[-14,63],[0,76],[39,69],[133,76],[170,68],[125,13],[100,-28],[101,-28],[108,6],[55,49],[33,32],[5,5],[17,18],[62,34],[69,21],[81,0],[89,-7],[48,-66],[3,-5],[65,-105],[93,-97],[124,-63],[139,-22],[139,13],[132,55],[79,55],[63,76],[53,89],[3,4],[25,50],[-137,34],[-79,117],[-55,132],[-1,21],[-1,14],[-3,49],[10,90],[-31,70],[0,62],[32,14],[54,7],[70,-21],[78,-14],[92,20],[94,48],[86,70],[45,62],[25,35],[16,62],[8,69],[-39,111],[-23,118],[32,49],[31,49],[-31,55],[-46,63],[-85,69],[-62,83],[-23,97],[-8,111],[-38,63],[-23,62],[16,35],[46,41],[55,35],[62,41],[16,42],[16,56],[70,62],[94,69],[39,41],[46,28],[116,-29],[116,-48],[101,-84],[108,-76],[146,-64],[171,-21],[62,0],[55,28],[24,76],[30,89],[39,28],[54,21],[53,15],[17,5],[78,42],[86,83],[78,96],[31,70],[39,83],[62,89],[71,104],[28,74],[3,10],[36,69],[11,20],[16,21],[39,14],[68,-55],[248,-202],[78,-22],[70,21],[78,69],[70,104],[19,30],[43,67],[19,43],[28,67],[-14,84],[-47,90],[-108,104],[-108,105],[-85,97],[-46,118],[0,42],[31,55],[24,62],[24,69],[-8,56],[0,69],[2,298],[-5,332],[45,113],[23,60],[80,112],[62,97],[93,90],[47,28],[54,27],[78,20],[70,42],[31,55],[24,76],[24,42],[31,48],[-8,63],[9,62],[62,55],[94,35],[31,-14],[46,-7],[93,-7],[94,27],[31,41],[39,55],[46,28],[63,28],[62,62],[33,35],[37,41],[70,83],[94,69],[85,6],[93,-27],[54,-56],[62,-55],[85,-29],[101,-14],[41,-18],[92,-37],[147,-36],[61,0],[70,27],[53,46],[57,50],[94,126],[71,186],[78,187],[70,83],[109,55],[109,7],[109,-21],[115,-77],[101,-105],