{"type":"Topology","transform":{"scale":[0.00003745783750137295,0.00003294130837129845],"translate":[115.608754,22.850406]},"arcs":[[[18854,18255],[-39,-53],[-23,-58],[-61,-98],[-56,-99],[-27,-34],[-6,-29],[38,-81],[67,-76],[33,-29],[38,-29],[44,-81],[45,-81],[38,-99],[55,-76],[149,-87],[148,-54],[24,-10],[71,-35],[78,-29],[61,-35],[50,-35],[22,-58],[5,-58],[-22,-64],[-17,-57],[-1,-70],[17,-58],[11,-41],[22,-29],[11,-75],[22,-69],[16,-36],[22,-34],[0,-58],[-6,-53],[-11,-28],[-6,-18],[5,-52],[17,-52],[27,-87],[22,-81],[-11,-70],[-12,-69],[-5,-29],[5,-23],[0,-41],[17,-29],[27,-29],[28,-23],[0,-35],[-6,-34],[-17,-35],[-5,-29],[-6,-29],[6,-17],[27,-35],[33,-35],[13,-37],[9,-27],[16,-64],[-16,-52],[-23,-46],[-61,-58],[-56,-58],[-22,-46],[-11,-47],[-6,-63],[0,-58],[-11,-29],[-17,-11],[-40,0],[-21,0],[-61,17],[-66,-5],[-61,5],[-94,25],[-88,35],[-56,17],[-50,0],[-55,-46],[-44,-52],[-40,-41],[-5,-5],[-39,-41],[-23,-9],[0,-50],[0,-25],[17,-86],[116,-8],[28,-84],[37,-96],[40,-73],[-8,-51],[-5,-36],[-30,-104],[-15,-84],[-13,-106],[-146,-27],[-73,-64],[-72,-52],[-39,-18],[-28,-17],[-11,-35],[0,-29],[5,-69],[5,-58],[-22,-99],[-34,-144],[-28,-99],[-22,-80],[-6,-24],[-45,-110],[-44,-98],[-16,-15],[-51,-49],[-50,-64],[-50,-69],[-34,-69],[6,-76],[11,-63],[-40,-64],[-38,-58],[-39,-81],[-8,-29],[-15,-52],[-14,-66],[-9,-38],[-24,-97],[-3,-13],[-73,-156],[-111,-133],[-100,-122],[-111,-104],[-89,-46],[-83,-35],[-83,-57],[-61,-64],[-50,-87],[-12,-69],[22,-53],[17,-46],[22,-64],[94,-12],[-17,-80],[-33,-64],[-45,-87],[-45,-52],[-39,-40],[-94,-41],[-35,-17],[-32,-68],[-20,-118],[-4,-75],[17,-116],[21,-128],[7,-80],[-6,-134],[-17,-75],[-11,-69],[5,-87],[1,-3],[32,-73],[44,-40],[56,-30],[5,-34],[5,-29],[-5,-52],[5,-47],[17,-40],[22,-29],[11,-64],[5,-52],[-23,-58],[-38,-41],[-61,-23],[-67,1],[-38,5],[-9,0],[-19,0],[-39,-40],[-22,-46],[-22,-41],[-11,-23],[38,-35],[50,-17],[25,-8],[63,-21],[83,-35],[55,-58],[44,-70],[6,-116],[-1,-110],[16,-70],[39,-46],[77,-35],[94,-17],[83,-24],[77,-29],[55,-64],[55,-58],[61,-17],[57,-10],[9,-2],[72,-41],[61,-46],[5,-29],[-5,-29],[-45,-35],[-39,-29],[-44,-87],[5,-69],[50,-35],[83,0],[28,11],[33,18],[50,-35],[55,-24],[72,6],[72,29],[61,58],[72,57],[88,23],[94,12],[50,-1],[56,12],[55,46],[56,53],[39,5],[44,-6],[104,-35],[94,-52],[17,-41],[0,-46],[-22,-46],[-28,-41],[-23,-52],[-5,-46],[16,-64],[38,-41],[56,-17],[60,-13],[38,-46],[34,-58],[-1,-58],[0,-52],[27,-81],[3,-6],[30,-64],[-11,-58],[-11,-58],[0,-58],[21,-46],[22,-23],[28,-17],[6,-53],[10,-52],[39,-58],[50,-52],[21,-58],[38,-41],[111,-29],[46,-2],[76,-4],[60,-12],[61,-6],[66,-12],[67,-12],[38,-34],[33,-47],[17,-64],[19,-55],[3,-8],[22,-58],[32,-53],[33,-76],[44,-63],[18,-14],[26,-21],[55,-6],[111,17],[110,46],[128,86],[127,104],[55,40],[56,58],[28,75],[34,76],[38,11],[50,6],[60,-12],[55,5],[23,41],[22,52],[39,5],[49,0],[78,-12],[77,0],[105,0],[99,28],[50,29],[39,57],[28,116],[23,133],[17,47],[17,52],[0,98],[11,56],[6,37],[72,58],[94,57],[22,29],[28,34],[17,46],[22,46],[34,7],[44,-1],[60,0],[66,5],[28,6],[33,17],[83,41],[84,57],[55,52],[61,63],[39,52],[50,57],[16,18],[28,18],[55,-18],[61,-24],[27,-23],[39,-12],[110,11],[123,35],[38,5],[39,6],[38,-24],[45,-29],[32,-35],[39,-17],[50,-11],[14,4],[9,-1],[64,-10],[154,-24],[346,3],[160,29],[3,1],[112,20],[4,0],[20,4],[187,61],[22,8],[170,68],[551,114],[899,24],[0,-154],[52,-622],[9,-88],[70,-713],[235,-1817],[26,-199],[78,-919],[-52,-355],[-157,-164],[-496,-445],[-548,-326],[-117,-122],[-196,-205],[-626,-622],[-757,-564],[-149,-55],[-580,-212],[-912,-118],[-860,-29],[-756,208],[-227,106],[-607,280],[-599,297],[-705,-1],[-573,-148],[-444,-164],[-411,-266],[-685,-446],[-88,-72],[40,1956],[3,55],[8,169],[8,124],[-12,116],[-33,23],[-50,0],[-50,-12],[-76,-35],[-94,-35],[-100,11],[-66,46],[-33,46],[-61,52],[-83,17],[-116,11],[-127,-29],[-199,-71],[-120,-70],[-115,-139],[-105,-123],[-99,-64],[-31,-37],[-13,-15],[1,-70],[11,-29],[17,-28],[50,-64],[28,-80],[-25,-13],[-4,-22],[8,-17],[21,-22],[12,-22],[8,-13],[9,-20],[-1,-4],[-5,-26],[-8,-50],[-3,-24],[-1,-15],[-3,-31],[-2,-61],[-5,-23],[-2,-2],[-27,-23],[-5,-5],[-41,-32],[-19,-17],[-24,-20],[-8,-7],[-16,-13],[-7,-6],[-8,-6],[-7,-7],[-2,-2],[-2,-3],[-1,-7],[-2,-2],[-35,-9],[-14,-4],[-12,-3],[-7,-2],[-12,-2],[-22,-6],[-2,0],[-10,-2],[-10,-3],[-12,-3],[-23,-7],[-11,0],[-32,-5],[-24,-6],[-1,0],[0,0],[-14,0],[-206,73],[-82,36],[-54,18],[-13,13],[-8,17],[8,37],[6,32],[-22,75],[-39,46],[-100,52],[-66,40],[-44,-6],[-38,-34],[-77,-90],[-38,-44],[-88,-70],[-89,-7],[-137,-12],[-160,-24],[-83,11],[-67,40],[-94,116],[-122,75],[-138,34],[-88,5],[-33,33],[-1,12],[-11,101],[-20,84],[-29,113],[-68,78],[-40,46],[-124,38],[-174,17],[-133,66],[-44,11],[-49,1],[-133,10],[-105,40],[-144,87],[-122,103],[-83,63],[-23,29],[-5,38],[-2,34],[-20,56],[-32,13],[-45,0],[-48,2],[-70,75],[-66,29],[-79,-13],[-47,-40],[-48,-58],[-69,-41],[-46,-5],[-27,21],[-28,52],[-33,49],[-15,40],[14,52],[10,30],[-2,22],[-50,76],[-61,34],[-50,-1],[-33,-17],[-22,-53],[-16,-99],[-6,-15],[-37,-83],[-44,-41],[-65,-52],[-72,-24],[-77,-24],[-27,-16],[-59,-43],[-81,-87],[-90,-61],[-21,-5],[-21,18],[-70,130],[-63,61],[13,74],[35,72],[19,37],[0,22],[-13,43],[-50,66],[-20,9],[-38,-66],[-19,-20],[-21,-9],[-42,0],[-41,13],[-37,22],[-25,30],[-34,52],[-16,57],[-13,87],[-33,43],[-21,9],[-61,49],[-25,44],[-9,34],[-13,50],[0,2],[-3,57],[-5,28],[-6,11],[-12,6],[-90,27],[-48,17],[-13,4],[-21,8],[-99,35],[-91,65],[-30,65],[-4,26],[-8,27],[0,39],[0,4],[21,87],[-7,26],[-6,18],[-51,169],[-18,91],[10,166],[45,60],[2,3],[8,19],[4,20],[-6,38],[4,43],[49,81],[1,5],[5,60],[5,98],[-9,56],[-23,30],[-294,158],[-149,115],[-33,23],[8,10],[9,11],[9,13],[9,14],[9,15],[7,13],[8,13],[8,14],[4,6],[7,12],[6,11],[8,13],[8,15],[6,13],[8,18],[8,15],[6,12],[4,6],[4,7],[18,24],[6,9],[7,8],[8,13],[4,7],[3,7],[6,14],[6,15],[0,1],[5,14],[5,16],[5,14],[3,9],[2,4],[2,5],[5,12],[1,1],[7,14],[10,20],[8,12],[5,7],[2,2],[3,2],[1,1],[3,2],[4,2],[5,2],[7,2],[28,8],[9,4],[15,6],[14,6],[6,3],[3,1],[3,2],[2,2],[17,19],[5,7],[8,10],[6,7],[19,24],[9,13],[7,8],[20,25],[6,7],[4,4],[12,10],[11,10],[14,12],[10,9],[27,24],[10,9],[12,11],[8,7],[3,4],[9,13],[8,13],[8,14],[7,15],[6,12],[2,2],[28,5],[15,5],[39,12],[117,66],[104,32],[55,40],[39,70],[0,46],[-22,52],[-60,30],[-61,35],[-34,52],[-13,55],[-3,14],[-16,110],[-34,93],[-38,29],[-82,11],[-307,11],[-69,6],[-52,11],[-55,20],[-43,16],[-21,24],[-34,40],[-28,87],[0,46],[22,47],[45,40],[44,53],[10,41],[12,51],[6,93],[-61,104],[-83,104],[-99,87],[-77,93],[-22,64],[5,81],[22,121],[35,124],[-51,10],[-55,17],[-50,12],[-33,29],[-22,69],[-11,87],[-67,116],[-77,104],[-83,29],[-88,23],[-39,29],[-33,35],[-22,0],[-83,-93],[-78,-87],[-121,-75],[-128,-47],[-124,0],[-3,0],[-127,17],[-138,-23],[-122,-46],[-55,-75],[-40,-94],[-94,-139],[-83,-133],[-33,-93],[-38,-46],[-144,34],[-143,105],[-128,121],[-83,145],[-5,58],[16,64],[6,104],[-11,99],[-72,58],[-93,46],[-84,34],[-77,29],[-60,-17],[-50,-6],[-116,47],[-116,58],[-121,23],[-111,35],[-61,51],[-50,64],[-33,6],[-28,17],[-44,58],[-27,70],[-28,70],[-22,69],[-72,93],[-71,98],[-34,82],[-33,86],[-38,36],[-11,11],[-55,29],[-61,0],[-61,-12],[-122,-29],[-110,-6],[-100,35],[-77,64],[-38,52],[-17,23],[-18,32],[-32,55],[-28,12],[-27,17],[-150,81],[-138,93],[-98,46],[-89,58],[-50,46],[-44,53],[-45,23],[-38,35],[-22,23],[-6,29],[33,64],[56,63],[66,53],[61,63],[11,35],[-5,47],[-50,52],[-33,57],[10,87],[45,93],[33,64],[45,64],[38,40],[44,18],[66,-35],[61,-64],[66,-139],[67,-139],[44,-93],[55,-63],[17,0],[16,17],[21,38],[1,3],[12,58],[-6,81],[0,87],[-6,81],[17,87],[33,64],[44,69],[6,47],[-6,46],[-60,87],[-35,46],[-32,41],[-77,121],[-44,140],[-5,93],[27,92],[55,76],[72,69],[4,4],[46,54],[61,58],[61,29],[72,12],[60,-35],[72,-23],[67,11],[77,29],[72,24],[83,23],[154,-12],[155,-6],[69,25],[14,4],[99,31],[51,12],[61,1],[44,3],[93,-6],[50,-6],[55,0],[84,12],[88,23],[93,41],[89,57],[18,47],[22,53],[83,23],[77,29],[0,34],[-17,47],[-55,58],[-55,58],[-50,46],[-28,52],[5,29],[23,41],[0,35],[-10,35],[-90,86],[-88,87],[-133,93],[-143,63],[-100,-5],[-35,-6],[-25,0],